filename,status,error,vertex_count,face_count,bbox_min_x,bbox_min_y,bbox_min_z,bbox_max_x,bbox_max_y,bbox_max_z,extent_x,extent_y,extent_z,centroid_x,centroid_y,centroid_z
【二代】总装 - 12000mah格氏电池-1.STL,ok,,36,12,401.3335266113281,342.5816955566406,1185.375,592.33349609375,413.5816955566406,1237.375,190.99996948242188,71.0,52.0,496.83351135253906,378.0816955566407,1211.375
【二代】总装 - 12000mah格氏电池-2.STL,ok,,36,12,406.32647705078125,342.5816955566406,962.625,597.3264770507812,413.5816955566406,1014.625,191.0,71.0,52.0,501.82647705078125,378.0816955566406,988.625
【二代】总装 - 60A四合一电调-1.STL,ok,,2004,668,374.1675720214844,348.5816955566406,1070.25,408.1675720214844,355.0816955566406,1117.050048828125,34.0,6.5,46.800048828125,391.16757168950244,351.83169555664085,1091.9980976331701
【二代】总装 - M3-H6垫柱-5.STL,ok,,1152,384,373.4186706542969,342.5816955566406,1072.25,378.4164733886719,348.5816955566406,1077.25,4.997802734375,6.0,5.0,375.9175670253011,345.58169555664057,1074.750057129133
【二代】总装 - M3-H6垫柱-6.STL,ok,,1152,384,403.9186706542969,342.5816955566406,1072.25,408.9164733886719,348.5816955566406,1077.25,4.997802734375,6.0,5.0,406.41756702530137,345.58169555664057,1074.750057129133
【二代】总装 - M3-H6垫柱-7.STL,ok,,1152,384,373.4186706542969,342.5816955566406,1102.75,378.4164733886719,348.5816955566406,1107.75,4.997802734375,6.0,5.0,375.9175670253011,345.58169555664057,1105.2500571291318
【二代】总装 - M3-H6垫柱-8.STL,ok,,1152,384,403.9186706542969,342.5816955566406,1102.75,408.9164733886719,348.5816955566406,1107.75,4.997802734375,6.0,5.0,406.41756702530137,345.58169555664057,1105.2500571291318
【二代】总装 - M3H22铝柱-1.STL,ok,,912,304,443.2410583496094,342.5816955566406,1097.0003662109375,449.23504638671875,364.5816955566406,1102.9925537109375,5.993988037109375,22.0,5.9921875,446.23991072073915,353.58169555664074,1099.9998099674942
【二代】总装 - M3H22铝柱-2.STL,ok,,912,304,505.240966796875,342.5816955566406,1159.0003662109375,511.2348327636719,364.5816955566406,1164.9927978515625,5.993865966796875,22.0,5.992431640625,508.2400068459796,353.5816955566405,1161.9998383019959
【二代】总装 - M3H22铝柱-3.STL,ok,,912,304,505.240966796875,342.5816955566406,1035.0003662109375,511.2348327636719,364.5816955566406,1040.9927978515625,5.993865966796875,22.0,5.992431640625,508.2400068459796,353.5816955566405,1037.9998383019963
【二代】总装 - M3H22铝柱-4.STL,ok,,912,304,567.2399291992188,342.5816955566406,1097.0020751953125,573.23046875,364.5816955566406,1102.99658203125,5.99053955078125,22.0,5.9945068359375,570.2397035347159,353.581695556641,1100.000018578699
【二代】总装 - M3H6铝柱-1.STL,ok,,1152,384,455.7445068359375,334.5816955566406,977.3387451171875,461.7398986816406,340.5816955566406,983.3363037109375,5.995391845703125,6.0,5.99755859375,458.73992421808003,337.58169555664085,980.3376005129669
【二代】总装 - M3H6铝柱-10.STL,ok,,1152,384,372.9187927246094,334.5816955566406,1071.75,378.9163513183594,340.5816955566406,1077.75,5.99755859375,6.0,6.0,375.9175646392045,337.5816955566407,1074.7500750025058
【二代】总装 - M3H6铝柱-11.STL,ok,,1152,384,357.9187927246094,334.5816955566406,1032.0,363.9163513183594,340.5816955566406,1038.0,5.99755859375,6.0,6.0,360.91756463920404,337.5816955566407,1035.0000750025056
【二代】总装 - M3H6铝柱-12.STL,ok,,1152,384,403.42010498046875,334.5816955566406,1071.7529296875,409.41717529296875,340.5816955566406,1077.749755859375,5.9970703125,6.0,5.996826171875,406.41762561622687,337.5816955566405,1074.7500441885318
【二代】总装 - M3H6铝柱-13.STL,ok,,1152,384,397.91790771484375,334.5816955566406,1032.000244140625,403.9149475097656,340.5816955566406,1037.999755859375,5.997039794921875,6.0,5.99951171875,400.91756628466055,337.58169555664085,1035.0000852094934
【二代】总装 - M3H6铝柱-14.STL,ok,,1152,384,357.9187927246094,334.5816955566406,1162.0,363.9163513183594,340.5816955566406,1168.0,5.99755859375,6.0,6.0,360.91756463920404,337.5816955566407,1165.0000750025067
【二代】总装 - M3H6铝柱-15.STL,ok,,1152,384,397.9187927246094,334.5816955566406,1162.0,403.9163513183594,340.5816955566406,1168.0,5.99755859375,6.0,6.0,400.91756463920404,337.5816955566407,1165.0000750025067
【二代】总装 - M3H6铝柱-16.STL,ok,,1152,384,567.2413330078125,334.5816955566406,1097.0,573.2388305664062,340.5816955566406,1102.9954833984375,5.99749755859375,6.0,5.9954833984375,570.239861445186,337.5816955566406,1099.9999335920159
【二代】总装 - M3H6铝柱-17.STL,ok,,1152,384,632.5629272460938,334.5816955566406,1097.0037841796875,638.5603637695312,340.5816955566406,1102.9998779296875,5.9974365234375,6.0,5.99609375,635.5621570288447,337.5816955566404,1099.99995243382
【二代】总装 - M3H6铝柱-18.STL,ok,,1152,384,612.5669555664062,334.5816955566406,1032.0013427734375,618.562255859375,340.5816955566406,1037.9989013671875,5.99530029296875,6.0,5.99755859375,615.5621497501127,337.58169555664045,1035.000011559435
【二代】总装 - M3H6铝柱-19.STL,ok,,1152,384,612.5624389648438,334.5816955566406,1162.0023193359375,618.5590209960938,340.5816955566406,1167.99951171875,5.99658203125,6.0,5.9971923828125,615.5621785302889,337.58169555664057,1164.9999376147032
【二代】总装 - M3H6铝柱-2.STL,ok,,1152,384,485.7411193847656,334.5816955566406,977.337646484375,491.7386779785156,340.5816955566406,983.337646484375,5.99755859375,6.0,6.0,488.73989700737576,337.58169555664074,980.3377403351217
【二代】总装 - M3H6铝柱-20.STL,ok,,1152,384,652.5628662109375,334.5816955566406,1032.003662109375,658.5602416992188,340.5816955566406,1037.9998779296875,5.99737548828125,6.0,5.9962158203125,655.5621884987506,337.5816955566405,1035.0000573865493
【二代】总装 - M3H6铝柱-21.STL,ok,,1152,384,652.5623168945312,334.5816955566406,1162.001953125,658.5584716796875,340.5816955566406,1167.999267578125,5.99615478515625,6.0,5.997314453125,655.5622050351333,337.58169555664057,1164.9999317724019
【二代】总装 - M3H6铝柱-24.STL,ok,,1152,384,516.8411254882812,334.5816955566406,1186.167236328125,522.8386840820312,340.5816955566406,1192.162353515625,5.99755859375,6.0,5.9951171875,519.839969684136,337.58169555664085,1189.162320648112
【二代】总装 - M3H6铝柱-25.STL,ok,,1152,384,552.840576171875,334.5816955566406,1186.1624755859375,558.8379516601562,340.5816955566406,1192.1622314453125,5.99737548828125,6.0,5.999755859375,555.8398987377747,337.5816955566402,1189.1624049125244
【二代】总装 - M3H6铝柱-26.STL,ok,,1152,384,485.739990234375,334.5816955566406,1216.6629638671875,491.7362365722656,340.5816955566406,1222.66162109375,5.996246337890625,6.0,5.9986572265625,488.7398935480504,337.5816955566407,1219.6624046482632
【二代】总装 - M3H6铝柱-27.STL,ok,,1152,384,455.74041748046875,334.5816955566406,1216.6624755859375,461.7376708984375,340.5816955566406,1222.6622314453125,5.99725341796875,6.0,5.999755859375,458.73989369314063,337.58169555664057,1219.6624107948335
【二代】总装 - M3H6铝柱-28.STL,ok,,1152,384,505.2410888671875,334.5816955566406,1159.0,511.2386779785156,340.5816955566406,1164.9951171875,5.997589111328125,6.0,5.9951171875,508.23982173238966,337.5816955566408,1161.9999907146669
【二代】总装 - M3H6铝柱-29.STL,ok,,1152,384,443.24041748046875,334.5816955566406,1097.0001220703125,449.2376708984375,340.5816955566406,1102.9998779296875,5.99725341796875,6.0,5.999755859375,446.2398952271386,337.58169555664045,1100.0000807837164
【二代】总装 - M3H6铝柱-3.STL,ok,,1152,384,516.84033203125,334.5816955566406,1007.8408813476562,522.8375244140625,340.5816955566406,1013.8374633789062,5.9971923828125,6.0,5.99658203125,519.8399730184425,337.5816955566406,1010.8376812260469
【二代】总装 - M3H6铝柱-4.STL,ok,,1152,384,552.8406982421875,334.5816955566406,1007.8377075195312,558.8381958007812,340.5816955566406,1013.837646484375,5.99749755859375,6.0,5.99993896484375,555.8398958051682,337.5816955566409,1010.8377495548599
【二代】总装 - M3H6铝柱-5.STL,ok,,1152,384,516.8430786132812,334.5816955566406,946.838134765625,522.8397216796875,340.5816955566406,952.8352661132812,5.99664306640625,6.0,5.99713134765625,519.839970555477,337.5816955566405,949.8376539377722
【二代】总装 - M3H6铝柱-6.STL,ok,,1152,384,552.840087890625,334.5816955566406,946.8400268554688,558.8367309570312,340.5816955566406,952.8372192382812,5.99664306640625,6.0,5.9971923828125,555.839882156208,337.5816955566406,949.8377403904705
【二代】总装 - M3H6铝柱-7.STL,ok,,1152,384,505.24041748046875,334.5816955566406,1035.0001220703125,511.2376708984375,340.5816955566406,1040.9998779296875,5.99725341796875,6.0,5.999755859375,508.239895227138,337.58169555664045,1038.0000807837182
【二代】总装 - M3H6铝柱-8.STL,ok,,1152,384,372.91766357421875,334.5816955566406,1102.251953125,378.9139404296875,340.5816955566406,1108.2493896484375,5.99627685546875,6.0,5.9974365234375,375.9176144233782,337.58169555664085,1105.2499337570227
【二代】总装 - M3H6铝柱-9.STL,ok,,1152,384,403.4178161621094,334.5816955566406,1102.2503662109375,409.41461181640625,340.5816955566406,1108.2474365234375,5.996795654296875,6.0,5.9970703125,406.41762476743435,337.58169555664057,1105.2500539557172
【二代】总装 - nuc-1.STL,ok,,516,172,452.2398986816406,366.5816955566406,1041.5,564.2398681640625,420.5816955566406,1158.5,111.99996948242188,54.0,117.0,508.23988749675107,393.58169555664057,1100.0
【二代】总装 - P15x5桨叶-1.STL,ok,,2460,820,537.3475341796875,275.0816955566406,1129.0067138671875,918.2098999023438,295.0816955566406,1509.818359375,380.86236572265625,20.0,380.8116455078125,727.7326439599414,285.08596465967764,1319.5085754352792
【二代】总装 - P15x5桨叶-2.STL,ok,,2460,820,537.2426147460938,275.0816955566406,690.043212890625,918.0277709960938,295.0816955566406,1070.91357421875,380.78515625,20.0,380.870361328125,727.7485147603262,285.08596298001123,880.5072205390766
【二代】总装 - P15x5桨叶-3.STL,ok,,2460,820,98.4657974243164,275.0816955566406,690.0759887695312,479.2381591796875,295.0816955566406,1070.9482421875,380.7723617553711,20.0,380.87225341796875,288.72814824079575,285.0859630510541,880.4954929402068
【二代】总装 - P15x5桨叶-4.STL,ok,,2460,820,98.30787658691406,275.0816955566406,1129.2423095703125,479.1813049316406,295.0816955566406,1510.0009765625,380.87342834472656,20.0,380.7586669921875,288.7474778732545,285.08596386180517,1319.5082412876102
【二代】总装 - U7-1.STL,ok,,59262,19754,258.3916320800781,289.5816955566406,850.15185546875,319.0863037109375,335.3816833496094,910.8461303710938,60.694671630859375,45.79998779296875,60.69427490234375,289.27636600647537,314.57526819926807,880.1163359642877
【二代】总装 - U7-2.STL,ok,,59262,19754,258.3916320800781,289.5816955566406,1289.1539306640625,319.0863037109375,335.3816833496094,1349.8482666015625,60.694671630859375,45.79998779296875,60.6943359375,289.27636966604734,314.575267331408,1319.1184251860045
【二代】总装 - U7-3.STL,ok,,59262,19754,697.3937377929688,289.5816955566406,1289.1539306640625,758.08837890625,335.3816833496094,1349.8482666015625,60.69464111328125,45.79998779296875,60.6943359375,728.27846170652,314.57526750683144,1319.1184251216052
【二代】总装 - U7-4.STL,ok,,59262,19754,697.3937377929688,289.5816955566406,850.15185546875,758.08837890625,335.3816833496094,910.8461303710938,60.69464111328125,45.79998779296875,60.69427490234375,728.2784580193385,314.5752681025108,880.1163358255935
【二代】总装 - 【】26碳管-1.STL,ok,,3792,1264,498.2601623535156,30.927350997924805,1209.7423095703125,518.2376708984375,329.8387451171875,1281.5107421875,19.977508544921875,298.9113941192627,71.7684326171875,508.24033143090656,180.34970608805895,1245.6234909597367
【二代】总装 - 【】26碳管-2.STL,ok,,3792,1264,498.2601623535156,30.924222946166992,918.5069580078125,518.2376708984375,329.8356018066406,990.275390625,19.977508544921875,298.91137886047363,71.7684326171875,508.2403315107086,180.3496206395918,954.3768666731872
【二代】总装 - 【】26碳管2-1.STL,ok,,2844,948,308.2398986816406,8.830883979797363,1264.104736328125,708.2399291992188,28.812641143798828,1284.102783203125,400.0000305175781,19.981757164001465,19.998046875,508.2399127367859,18.823880314174282,1274.1053347076192
【二代】总装 - 【】26碳管2-2.STL,ok,,2844,948,308.2398986816406,8.834887504577637,915.8954467773438,708.2399291992188,28.8166446685791,935.8935546875,400.0000305175781,19.981757164001465,19.99810791015625,508.2399127935549,18.823652876587257,925.89596128922
【二代】总装 - 【】保护壳1(带孔)-1.STL,ok,,2196,732,508.26220703125,331.5816955566406,1014.625,672.562255859375,436.5816955566406,1185.375,164.300048828125,105.0,170.75,620.5409140456969,386.50744660705436,1100.0000000177877
【二代】总装 - 【】保护壳1-2.STL,ok,,2076,692,343.9175720214844,331.5816955566406,1014.625,508.2175598144531,436.5816955566406,1185.375,164.29998779296875,105.0,170.75,396.4630654033271,386.5388143223904,1100.0000000233968
【二代】总装 - 【】保护壳固定-1.STL,ok,,2352,784,664.562255859375,334.5816955566406,1057.0,670.562255859375,340.5816955566406,1143.0,6.0,6.0,86.0,667.5622544977122,337.5816955189068,1100.0000000394164
【二代】总装 - 【】保护壳固定-2.STL,ok,,2352,784,345.9175720214844,334.5816955566406,1057.0,351.9175720214844,340.5816955566406,1143.0,6.0,6.0,86.0,348.9175714948647,337.5816955189076,1100.0000000394173
【二代】总装 - 【】保护壳固定2-1.STL,ok,,948,316,534.2398681640625,334.5816955566406,946.6776733398438,546.2398681640625,340.5816955566406,952.6776733398438,12.0,6.0,6.0,540.239874260749,337.5816946975443,949.6776730770434
【二代】总装 - 【】保护壳固定2-2.STL,ok,,948,316,465.2398986816406,334.5816955566406,946.6776733398438,477.2398986816406,340.5816955566406,952.6776733398438,12.0,6.0,6.0,471.2398980379907,337.58169560654693,949.6776730771138
【二代】总装 - 【】保护壳固定2-3.STL,ok,,948,316,534.2398681640625,334.5816955566406,1247.3223876953125,546.2398681640625,340.5816955566406,1253.3223876953125,12.0,6.0,6.0,540.2398749262044,337.5816946975444,1250.3223812443355
【二代】总装 - 【】保护壳固定2-4.STL,ok,,948,316,465.2398986816406,334.5816955566406,1247.3223876953125,477.2398986816406,340.5816955566406,1253.3223876953125,12.0,6.0,6.0,471.2398973723629,337.58169560654676,1250.3223812443305
【二代】总装 - 【】保护壳盖-1.STL,ok,,6180,2060,343.9175720214844,436.5816955566406,944.6749877929688,672.5575561523438,438.5816955566406,1255.324951171875,328.6399841308594,2.0,310.64996337890625,504.9562652245831,437.581695556639,1099.9999826470723
【二代】总装 - 【】相机雷达装-2 mid-360-fov-asm-1 mid-360-fov-__60_4_ASM_2_ASM.stp-1 MID-360_4_1_1.stp-1.STL,ok,,20808,6936,614.3355712890625,497.1387939453125,1074.5068359375,662.4390258789062,535.4864501953125,1125.4931640625,48.10345458984375,38.34765625,50.986328125,640.7784384178021,515.7731666433577,1100.0001026762513
【二代】总装 - 【】相机雷达装-2 mid-360-fov-asm-1 mid-360-fov-__60_4_ASM_2_ASM.stp-1 MID-360_4_2_1.stp-1.STL,ok,,19098,6366,593.9745483398438,464.3121643066406,1067.60693359375,653.92236328125,494.7875671386719,1132.39306640625,59.94781494140625,30.47540283203125,64.7861328125,624.1479059378556,479.5039382416426,1099.7765381275678
【二代】总装 - 【】相机雷达装-2 mid-360-fov-asm-1 mid-360-fov-__60_4_ASM_2_ASM.stp-1 MID-360_4_3_2.stp-1.STL,ok,,87282,29094,616.39501953125,479.4552917480469,1059.699951171875,641.7775268554688,501.9356689453125,1073.5,25.38250732421875,22.480377197265625,13.800048828125,629.1044951292771,490.6757858179845,1068.421270171531
【二代】总装 - 【】相机雷达装-2 mid-360-fov-asm-1 mid-360-fov-__60_4_ASM_2_ASM.stp-1 MID-360_4_4_1.stp-1.STL,ok,,432,144,649.0088500976562,475.2423095703125,1119.7940673828125,649.0657958984375,475.3583984375,1120.2059326171875,0.05694580078125,0.1160888671875,0.411865234375,649.0363823771802,475.2979268952525,1120.000007115355
【二代】总装 - 【】相机雷达装-2 mid-360-fov-asm-1 mid-360-fov-__60_4_ASM_2_ASM.stp-1 MID-360_4_5_1.stp-1.STL,ok,,432,144,649.0088500976562,475.2423095703125,1082.2440185546875,649.0657958984375,475.3583984375,1082.656005859375,0.05694580078125,0.1160888671875,0.4119873046875,649.0363843870541,475.2979233785622,1082.4500127408746
【二代】总装 - 【】相机雷达装-2 mid-360-fov-asm-1 mid-360-fov-__60_4_ASM_2_ASM.stp-1 MID-360_4_6_1.stp-1.STL,ok,,432,144,604.4153442382812,496.0562438964844,1119.7940673828125,604.5313720703125,496.0986022949219,1120.2059326171875,0.11602783203125,0.0423583984375,0.411865234375,604.4673835884853,496.0807924422001,1120.0000062130284
【二代】总装 - 【】相机雷达装-2 mid-360-fov-asm-1 mid-360-fov-__60_4_ASM_2_ASM.stp-1 MID-360_4_7_1.stp-1.STL,ok,,432,144,604.4153442382812,496.0562438964844,1082.2440185546875,604.5313720703125,496.0986022949219,1082.656005859375,0.11602783203125,0.0423583984375,0.4119873046875,604.4673817711802,496.08079246290976,1082.4500063014689
【二代】总装 - 【】相机雷达装-2 mid-360-fov-asm-1 mid-360-fov-___2_ASM.stp-1 MID-360_4_ASM_2_ASM-0.stp-1.STL,ok,,641760,213920,595.3777465820312,465.5114440917969,1060.699951171875,662.0671997070312,520.862060546875,1132.4368896484375,66.689453125,55.350616455078125,71.7369384765625,630.7742973642639,494.31504570113424,1099.794169943154
【二代】总装 - 【】相机雷达装-2 【】四目鱼眼相机-1.STL,ok,,4128,1376,599.4575805664062,438.5816955566406,1066.9000244140625,662.6575927734375,488.3943176269531,1133.0999755859375,63.20001220703125,49.8126220703125,66.199951171875,624.7475877354743,458.70936698252126,1099.9999999941874
【二代】总装 - 【】脚架2-1.STL,ok,,8904,2968,457.2398986816406,5.773838520050049,1252.570556640625,559.2398681640625,70.33026123046875,1289.861572265625,101.99996948242188,64.5564227104187,37.291015625,508.23988883380844,29.50161563572613,1272.2217641894913
【二代】总装 - 【】脚架2-3.STL,ok,,8904,2968,457.2398986816406,5.773838520050049,910.1383666992188,559.2398681640625,70.33026123046875,947.429443359375,101.99996948242188,64.5564227104187,37.29107666015625,508.23988946193,29.501660229642415,927.777992661457
【二代】总装 - 【二代】nuc隔板-1.STL,ok,,3120,1040,438.2398986816406,364.5816955566406,1030.0,578.2398681640625,366.5816955566406,1170.0,139.99996948242188,2.0,140.0,508.23988606625136,365.5816955566416,1100.0000000377643
【二代】总装 - 【二代】中心版上-1.STL,ok,,31416,10472,345.9175720214844,340.5816955566406,946.6776733398438,670.5621948242188,342.5816955566406,1253.322265625,324.6446228027344,2.0,306.64459228515625,504.8242099028838,341.5816955566304,1099.9988223089101
【二代】总装 - 【二代】中心版下-3.STL,ok,,43464,14488,345.9175720214844,332.5816955566406,946.6776733398438,670.5621948242188,334.5816955566406,1253.322265625,324.6446228027344,2.0,306.64459228515625,502.39379787182116,333.5816955566445,1099.9987409584996
【二代】总装 - 【二代】保护笼分装-1 【】桨保碳管-1.STL,ok,,4884,1628,739.413330078125,345.6316833496094,1331.1734619140625,878.703125,361.6316833496094,1470.4632568359375,139.289794921875,16.0,139.289794921875,809.0443873099989,353.6314562085889,1400.8045255698257
【二代】总装 - 【二代】保护笼分装-1 【】桨保连接-1.STL,ok,,7446,2482,849.8582763671875,338.6316833496094,1441.618408203125,887.723876953125,368.6316833496094,1479.4840087890625,37.8656005859375,30.0,37.8656005859375,871.7281628752764,353.6316885971602,1463.488267286356
【二代】总装 - 【二代】保护笼分装-1 【】桨保连接件-1.STL,ok,,5088,1696,736.2261962890625,340.5816955566406,1327.986328125,778.6526489257812,363.68170166015625,1370.4127197265625,42.42645263671875,23.100006103515625,42.4263916015625,757.7220923766447,349.6161220949444,1349.4821804686312
【二代】总装 - 【二代】保护笼分装-1 【二代】保护笼延伸2-1.STL,ok,,4668,1556,872.8746337890625,258.6316833496094,1464.56396484375,885.6025390625,418.6316833496094,1477.2918701171875,12.7279052734375,160.0,12.7279052734375,879.2385693127897,339.14788630754083,1470.9279389985213
【二代】总装 - 【二代】保护笼分装-1 【二代】保护笼延伸2-2.STL,ok,,4668,1556,935.6815795898438,258.6316833496094,1291.8709716796875,950.6815795898438,418.6316833496094,1294.8709716796875,15.0,160.0,3.0,943.1815795026943,339.1478942851173,1293.3709716796902
【二代】总装 - 【二代】保护笼分装-1 【二代】保护笼延伸2-3.STL,ok,,4668,1556,700.1815795898438,258.6316833496094,1527.3709716796875,703.1815795898438,418.6316833496094,1542.3709716796875,3.0,160.0,15.0,701.6815795898453,339.14789370518787,1534.8709713429166
【二代】总装 - 【二代】保护笼分装-1 【二代】保护笼弯-1.STL,ok,,4968,1656,874.3494873046875,418.6316833496094,1291.8709716796875,950.6815795898438,420.6316833496094,1477.3721923828125,76.33209228515625,2.0,185.501220703125,924.3127968468766,419.6316833496085,1387.8002931852734
【二代】总装 - 【二代】保护笼分装-1 【二代】保护笼弯-2.STL,ok,,4968,1656,700.1815795898438,418.6316833496094,1466.038818359375,885.6828002929688,420.6316833496094,1542.3709716796875,185.501220703125,2.0,76.3321533203125,796.1109008447614,419.6316833496096,1516.002179636493
【二代】总装 - 【二代】保护笼分装-1 【二代】保护笼弯-3.STL,ok,,4968,1656,700.1815795898438,256.6316833496094,1466.038818359375,885.6828002929688,258.6316833496094,1542.3709716796875,185.501220703125,2.0,76.3321533203125,796.1109008447614,257.6316833496089,1516.002179636493
【二代】总装 - 【二代】保护笼分装-1 【二代】保护笼弯-4.STL,ok,,4968,1656,874.3494873046875,256.6316833496094,1291.8709716796875,950.6815795898438,258.6316833496094,1477.3721923828125,76.33209228515625,2.0,185.501220703125,924.3127968468766,257.6316833496094,1387.8002931852734
【二代】总装 - 【二代】保护笼分装-1 【二代】保护笼打印件斜角-1.STL,ok,,1908,636,874.9959106445312,393.6316833496094,1446.8863525390625,903.2802124023438,418.6316833496094,1475.170654296875,28.2843017578125,25.0,28.2843017578125,886.530613456484,409.81916291617927,1463.6359243323104
【二代】总装 - 【二代】保护笼分装-1 【二代】保护笼打印件斜角-2.STL,ok,,1908,636,855.1969604492188,393.6316833496094,1466.685302734375,883.481201171875,418.6316833496094,1494.9696044921875,28.28424072265625,25.0,28.2843017578125,871.9465267884884,409.8191764812355,1478.2199963054898
【二代】总装 - 【二代】保护笼分装-1 【二代】保护笼打印件斜角-3.STL,ok,,1908,636,855.1969604492188,258.6316833496094,1466.685302734375,883.481201171875,283.6316833496094,1494.9696044921875,28.28424072265625,25.0,28.2843017578125,871.9465261976502,267.44418993621457,1478.2199970330264
【二代】总装 - 【二代】保护笼分装-1 【二代】保护笼打印件斜角-4.STL,ok,,1908,636,874.9959106445312,258.6316833496094,1446.8863525390625,903.2802124023438,283.6316833496094,1475.170654296875,28.2843017578125,25.0,28.2843017578125,886.5306145413854,267.4442040427156,1463.6359225874394
【二代】总装 - 【二代】保护笼分装-1 【二代】保护笼打印件斜角-5.STL,ok,,1908,636,935.6815795898438,393.6316833496094,1294.8709716796875,950.6815795898438,418.6316833496094,1319.8709716796875,15.0,25.0,25.0,943.1815795661024,409.8191751846975,1303.6834799543765
【二代】总装 - 【二代】保护笼分装-1 【二代】保护笼打印件斜角-6.STL,ok,,1908,636,935.6815795898438,258.6316833496094,1294.8709716796875,950.6815795898438,283.6316833496094,1319.8709716796875,15.0,25.0,25.0,943.1815794472608,267.444191708989,1303.683479947201
【二代】总装 - 【二代】保护笼分装-1 【二代】保护笼打印件斜角-7.STL,ok,,1908,636,703.1815795898438,393.6316833496094,1527.3709716796875,728.1815795898438,418.6316833496094,1542.3709716796875,25.0,25.0,15.0,711.9940878056269,409.81917514148955,1534.8709716583014
【二代】总装 - 【二代】保护笼分装-1 【二代】保护笼打印件斜角-8.STL,ok,,1908,636,703.1815795898438,258.6316833496094,1527.3709716796875,728.1815795898438,283.6316833496094,1542.3709716796875,25.0,25.0,15.0,711.994087799004,267.4441917516945,1534.87097166578
【二代】总装 - 【二代】保护笼分装-2 【】桨保碳管-1.STL,ok,,4884,1628,137.7766571044922,345.6316833496094,1331.1734619140625,277.0664978027344,361.6316833496094,1470.4632568359375,139.2898406982422,16.0,139.289794921875,207.43537406279302,353.6314549089748,1400.8044959270937
【二代】总装 - 【二代】保护笼分装-2 【】桨保连接-1.STL,ok,,7446,2482,128.7559356689453,338.6316833496094,1441.618408203125,166.6215057373047,368.6316833496094,1479.4840087890625,37.865570068359375,30.0,37.8656005859375,144.75163238244463,353.63168841154976,1463.4882622603416
【二代】总装 - 【二代】保护笼分装-2 【】桨保连接件-1.STL,ok,,5088,1696,237.82716369628906,340.5816955566406,1327.986328125,280.2535705566406,363.68170166015625,1370.4127197265625,42.42640686035156,23.100006103515625,42.4263916015625,258.7577146179607,349.6161249836924,1349.4821948620404
【二代】总装 - 【二代】保护笼分装-2 【二代】保护笼延伸2-1.STL,ok,,4668,1556,130.94796752929688,258.6316833496094,1464.634765625,143.67588806152344,418.6316833496094,1477.3626708984375,12.727920532226562,160.0,12.7279052734375,137.311919384076,339.1478905920565,1470.9987021093643
【二代】总装 - 【二代】保护笼分装-2 【二代】保护笼延伸2-2.STL,ok,,4668,1556,313.3689270019531,258.6316833496094,1527.441650390625,316.3689270019531,418.6316833496094,1542.441650390625,3.0,160.0,15.0,314.8689270019522,339.14789416331365,1534.9416512473333
【二代】总装 - 【二代】保护笼分装-2 【二代】保护笼延伸2-3.STL,ok,,4668,1556,65.86892700195312,258.6316833496094,1291.941650390625,80.86892700195312,418.6316833496094,1294.941650390625,15.0,160.0,3.0,73.36892710452136,339.14789418684586,1293.441650390622
【二代】总装 - 【二代】保护笼分装-2 【二代】保护笼弯-1.STL,ok,,4968,1656,130.86770629882812,418.6316833496094,1466.109619140625,316.3689270019531,420.6316833496094,1542.441650390625,185.501220703125,2.0,76.33203125,220.43958695659325,419.63168334961,1516.0728741921282
【二代】总装 - 【二代】保护笼分装-2 【二代】保护笼弯-2.STL,ok,,4968,1656,65.86892700195312,418.6316833496094,1291.941650390625,142.20101928710938,420.6316833496094,1477.44287109375,76.33209228515625,2.0,185.501220703125,92.23771189941283,419.63168334960943,1387.8709860635408
【二代】总装 - 【二代】保护笼分装-2 【二代】保护笼弯-3.STL,ok,,4968,1656,65.86892700195312,256.6316833496094,1291.941650390625,142.20101928710938,258.6316833496094,1477.44287109375,76.33209228515625,2.0,185.501220703125,92.23771189941283,257.6316833496089,1387.8709860635408
【二代】总装 - 【二代】保护笼分装-2 【二代】保护笼弯-4.STL,ok,,4968,1656,130.86770629882812,256.6316833496094,1466.109619140625,316.3689270019531,258.6316833496094,1542.441650390625,185.501220703125,2.0,76.33203125,220.43958695659325,257.6316833496092,1516.0728741921282
【二代】总装 - 【二代】保护笼分装-2 【二代】保护笼打印件斜角-1.STL,ok,,1908,636,133.0692901611328,393.6316833496094,1466.7559814453125,161.3535614013672,418.6316833496094,1495.040283203125,28.284271240234375,25.0,28.2843017578125,144.60397422743728,409.8191664783808,1478.290713377642
【二代】总装 - 【二代】保护笼分装-2 【二代】保护笼打印件斜角-2.STL,ok,,1908,636,113.27030181884766,393.6316833496094,1446.95703125,141.55458068847656,418.6316833496094,1475.2413330078125,28.284278869628906,25.0,28.2843017578125,130.01988844819422,409.81917691970693,1463.7066370801792
【二代】总装 - 【二代】保护笼分装-2 【二代】保护笼打印件斜角-3.STL,ok,,1908,636,113.27030181884766,258.6316833496094,1446.95703125,141.55458068847656,283.6316833496094,1475.2413330078125,28.284278869628906,25.0,28.2843017578125,130.01988871108287,267.44419014641795,1463.7066376781004
【二代】总装 - 【二代】保护笼分装-2 【二代】保护笼打印件斜角-4.STL,ok,,1908,636,133.0692901611328,258.6316833496094,1466.7559814453125,161.3535614013672,283.6316833496094,1495.040283203125,28.284271240234375,25.0,28.2843017578125,144.60397366172114,267.4442000023794,1478.2907122014324
【二代】总装 - 【二代】保护笼分装-2 【二代】保护笼打印件斜角-5.STL,ok,,1908,636,288.3689270019531,393.6316833496094,1527.441650390625,313.3689270019531,418.6316833496094,1542.441650390625,25.0,25.0,15.0,304.55641877172314,409.8191751429766,1534.9416507914334
【二代】总装 - 【二代】保护笼分装-2 【二代】保护笼打印件斜角-6.STL,ok,,1908,636,288.3689270019531,258.6316833496094,1527.441650390625,313.3689270019531,283.6316833496094,1542.441650390625,25.0,25.0,15.0,304.5564187625306,267.4441917368756,1534.9416507328704
【二代】总装 - 【二代】保护笼分装-2 【二代】保护笼打印件斜角-7.STL,ok,,1908,636,65.86892700195312,393.6316833496094,1294.941650390625,80.86892700195312,418.6316833496094,1319.941650390625,15.0,25.0,25.0,73.36892705630025,409.81917516616915,1303.7541588032334
【二代】总装 - 【二代】保护笼分装-2 【二代】保护笼打印件斜角-8.STL,ok,,1908,636,65.86892700195312,258.6316833496094,1294.941650390625,80.86892700195312,283.6316833496094,1319.941650390625,15.0,25.0,25.0,73.36892706940965,267.444191722158,1303.7541588023944
【二代】总装 - 【二代】保护笼分装-3 【】桨保碳管-1.STL,ok,,4884,1628,137.7766571044922,345.6316833496094,729.5367431640625,277.0664978027344,361.6316833496094,868.8265991210938,139.2898406982422,16.0,139.28985595703125,207.43540818630106,353.6314538881428,799.1954810150092
【二代】总装 - 【二代】保护笼分装-3 【】桨保连接-1.STL,ok,,7446,2482,128.7559356689453,338.6316833496094,720.5160522460938,166.6215057373047,368.6316833496094,758.381591796875,37.865570068359375,30.0,37.86553955078125,144.75164623300566,353.63168860259333,736.5117501770177
【二代】总装 - 【二代】保护笼分装-3 【】桨保连接件-1.STL,ok,,5088,1696,237.82716369628906,340.5816955566406,829.5872802734375,280.2535705566406,363.68170166015625,872.013671875,42.42640686035156,23.100006103515625,42.4263916015625,258.75770230667297,349.61612374368093,850.5178244649951
【二代】总装 - 【二代】保护笼分装-3 【二代】保护笼延伸2-1.STL,ok,,4668,1556,130.87725830078125,258.6316833496094,722.7080688476562,143.6051788330078,418.6316833496094,735.4359741210938,12.727920532226562,160.0,12.7279052734375,137.2412169998108,339.1478903720786,729.072025680716
【二代】总装 - 【二代】保护笼分装-3 【二代】保护笼延伸2-2.STL,ok,,4668,1556,65.7982177734375,258.6316833496094,905.1290283203125,80.7982177734375,418.6316833496094,908.1290283203125,15.0,160.0,3.0,73.29821783595905,339.1478941870062,906.6290283203105
【二代】总装 - 【二代】保护笼分装-3 【二代】保护笼延伸2-3.STL,ok,,4668,1556,313.2982177734375,258.6316833496094,657.6290283203125,316.2982177734375,418.6316833496094,672.6290283203125,3.0,160.0,15.0,314.798217773437,339.1478942851173,665.1290284074588
【二代】总装 - 【二代】保护笼分装-3 【二代】保护笼弯-1.STL,ok,,4968,1656,65.7982177734375,418.6316833496094,722.6278076171875,142.13031005859375,420.6316833496094,908.1290283203125,76.33209228515625,2.0,185.501220703125,92.16700551590607,419.6316833496101,812.1997095092663
【二代】总装 - 【二代】保护笼分装-3 【二代】保护笼弯-2.STL,ok,,4968,1656,130.7969970703125,418.6316833496094,657.6290283203125,316.2982177734375,420.6316833496094,733.9611206054688,185.501220703125,2.0,76.33209228515625,220.36890076167631,419.6316833496091,683.9978099949316
【二代】总装 - 【二代】保护笼分装-3 【二代】保护笼弯-3.STL,ok,,4968,1656,130.7969970703125,256.6316833496094,657.6290283203125,316.2982177734375,258.6316833496094,733.9611206054688,185.501220703125,2.0,76.33209228515625,220.36890076167631,257.631683349609,683.9978099949316
【二代】总装 - 【二代】保护笼分装-3 【二代】保护笼弯-4.STL,ok,,4968,1656,65.7982177734375,256.6316833496094,722.6278076171875,142.13031005859375,258.6316833496094,908.1290283203125,76.33209228515625,2.0,185.501220703125,92.16700551590607,257.63168334960864,812.1997095092663
【二代】总装 - 【二代】保护笼分装-3 【二代】保护笼打印件斜角-1.STL,ok,,1908,636,113.19959259033203,393.6316833496094,724.8294067382812,141.48385620117188,418.6316833496094,753.1136474609375,28.284263610839844,25.0,28.28424072265625,129.9491782298283,409.81917472259045,736.364079369414
【二代】总装 - 【二代】保护笼分装-3 【二代】保护笼打印件斜角-2.STL,ok,,1908,636,132.9985809326172,393.6316833496094,705.0303955078125,161.28285217285156,418.6316833496094,733.314697265625,28.284271240234375,25.0,28.2843017578125,144.53326691513158,409.8191705655131,721.7799912060487
【二代】总装 - 【二代】保护笼分装-3 【二代】保护笼打印件斜角-3.STL,ok,,1908,636,132.9985809326172,258.6316833496094,705.0303955078125,161.28285217285156,283.6316833496094,733.314697265625,28.284271240234375,25.0,28.2843017578125,144.5332672014004,267.4441961188674,721.7799909199526
【二代】总装 - 【二代】保护笼分装-3 【二代】保护笼打印件斜角-4.STL,ok,,1908,636,113.19959259033203,258.6316833496094,724.8294067382812,141.48385620117188,283.6316833496094,753.1136474609375,28.284263610839844,25.0,28.28424072265625,129.94917910451363,267.4441922296392,736.3640792088636
【二代】总装 - 【二代】保护笼分装-3 【二代】保护笼打印件斜角-5.STL,ok,,1908,636,65.7982177734375,393.6316833496094,880.1290283203125,80.7982177734375,418.6316833496094,905.1290283203125,15.0,25.0,25.0,73.29821781293087,409.819175168183,896.3165201271331
【二代】总装 - 【二代】保护笼分装-3 【二代】保护笼打印件斜角-6.STL,ok,,1908,636,65.7982177734375,258.6316833496094,880.1290283203125,80.7982177734375,283.6316833496094,905.1290283203125,15.0,25.0,25.0,73.2982178090692,267.44419171659246,896.3165201237754
【二代】总装 - 【二代】保护笼分装-3 【二代】保护笼打印件斜角-7.STL,ok,,1908,636,288.2982177734375,393.6316833496094,657.6290283203125,313.2982177734375,418.6316833496094,672.6290283203125,25.0,25.0,15.0,304.4857094952794,409.8191751552984,665.1290284615643
【二代】总装 - 【二代】保护笼分装-3 【二代】保护笼打印件斜角-8.STL,ok,,1908,636,288.2982177734375,258.6316833496094,657.6290283203125,313.2982177734375,283.6316833496094,672.6290283203125,25.0,25.0,15.0,304.4857094841543,267.44419172290225,665.1290283427222
【二代】总装 - 【二代】保护笼分装-4 【】桨保碳管-1.STL,ok,,4884,1628,739.413330078125,345.6316833496094,729.5367431640625,878.703125,361.6316833496094,868.8265991210938,139.289794921875,16.0,139.28985595703125,809.0444140534287,353.63145509090424,799.1955126924706
【二代】总装 - 【二代】保护笼分装-4 【】桨保连接-1.STL,ok,,7446,2482,849.8582763671875,338.6316833496094,720.5160522460938,887.723876953125,368.6316833496094,758.381591796875,37.8656005859375,30.0,37.86553955078125,871.7281515096026,353.6316886964408,736.5117476359185
【二代】总装 - 【二代】保护笼分装-4 【】桨保连接件-1.STL,ok,,5088,1696,736.2261962890625,340.5816955566406,829.5872802734375,778.6526489257812,363.68170166015625,872.013671875,42.42645263671875,23.100006103515625,42.4263916015625,757.7220760799221,349.6161202228303,850.5178102147385
【二代】总装 - 【二代】保护笼分装-4 【二代】保护笼延伸2-1.STL,ok,,4668,1556,872.8038940429688,258.6316833496094,722.6373901367188,885.5317993164062,418.6316833496094,735.3652954101562,12.7279052734375,160.0,12.7279052734375,879.1678447264836,339.1478955131308,729.0013370613409
【二代】总装 - 【二代】保护笼分装-4 【二代】保护笼延伸2-2.STL,ok,,4668,1556,700.11083984375,258.6316833496094,657.558349609375,703.11083984375,418.6316833496094,672.558349609375,3.0,160.0,15.0,701.6108398437527,339.14789403663247,665.0583484299749
【二代】总装 - 【二代】保护笼分装-4 【二代】保护笼延伸2-3.STL,ok,,4668,1556,935.61083984375,258.6316833496094,905.058349609375,950.61083984375,418.6316833496094,908.058349609375,15.0,160.0,3.0,943.110840674849,339.14789408273873,906.5583496093766
【二代】总装 - 【二代】保护笼分装-4 【二代】保护笼弯-1.STL,ok,,4968,1656,700.11083984375,418.6316833496094,657.5582885742188,885.612060546875,420.6316833496094,733.8904418945312,185.501220703125,2.0,76.3321533203125,796.0401862600833,419.6316833496085,683.927107462789
【二代】总装 - 【二代】保护笼分装-4 【二代】保护笼弯-2.STL,ok,,4968,1656,874.2787475585938,418.6316833496094,722.55712890625,950.61083984375,420.6316833496094,908.058349609375,76.33209228515625,2.0,185.501220703125,924.2420697574167,419.63168334960824,812.128999714966
【二代】总装 - 【二代】保护笼分装-4 【二代】保护笼弯-3.STL,ok,,4968,1656,874.2787475585938,256.6316833496094,722.55712890625,950.61083984375,258.6316833496094,908.058349609375,76.33209228515625,2.0,185.501220703125,924.2420697574167,257.63168334960903,812.128999714966
【二代】总装 - 【二代】保护笼分装-4 【二代】保护笼弯-4.STL,ok,,4968,1656,700.11083984375,256.6316833496094,657.5582885742188,885.612060546875,258.6316833496094,733.8904418945312,185.501220703125,2.0,76.3321533203125,796.0401862600833,257.63168334960903,683.927107462789
【二代】总装 - 【二代】保护笼分装-4 【二代】保护笼打印件斜角-1.STL,ok,,1908,636,855.126220703125,393.6316833496094,704.959716796875,883.4105224609375,418.6316833496094,733.2439575195312,28.2843017578125,25.0,28.28424072265625,871.8758184166888,409.8191706588074,721.7092833651599
【二代】总装 - 【二代】保护笼分装-4 【二代】保护笼打印件斜角-2.STL,ok,,1908,636,874.9252319335938,393.6316833496094,724.7586669921875,903.20947265625,418.6316833496094,753.04296875,28.28424072265625,25.0,28.2843017578125,886.4599049663399,409.8191740929822,736.2933630172614
【二代】总装 - 【二代】保护笼分装-4 【二代】保护笼打印件斜角-3.STL,ok,,1908,636,874.9252319335938,258.6316833496094,724.7586669921875,903.20947265625,283.6316833496094,753.04296875,28.28424072265625,25.0,28.2843017578125,886.4599046938454,267.4441932185437,736.293362653312
【二代】总装 - 【二代】保护笼分装-4 【二代】保护笼打印件斜角-4.STL,ok,,1908,636,855.126220703125,258.6316833496094,704.959716796875,883.4105224609375,283.6316833496094,733.2439575195312,28.2843017578125,25.0,28.28424072265625,871.8758184799563,267.44419612161937,721.709283451383
【二代】总装 - 【二代】保护笼分装-4 【二代】保护笼打印件斜角-5.STL,ok,,1908,636,703.11083984375,393.6316833496094,657.558349609375,728.11083984375,418.6316833496094,672.558349609375,25.0,25.0,15.0,711.923348457796,409.819175171672,665.0583490850064
【二代】总装 - 【二代】保护笼分装-4 【二代】保护笼打印件斜角-6.STL,ok,,1908,636,703.11083984375,258.6316833496094,657.558349609375,728.11083984375,283.6316833496094,672.558349609375,25.0,25.0,15.0,711.9233484577547,267.44419171597576,665.0583490442546
【二代】总装 - 【二代】保护笼分装-4 【二代】保护笼打印件斜角-7.STL,ok,,1908,636,935.61083984375,393.6316833496094,880.058349609375,950.61083984375,418.6316833496094,905.058349609375,15.0,25.0,25.0,943.1108403566666,409.81917516455144,896.2458410215024
【二代】总装 - 【二代】保护笼分装-4 【二代】保护笼打印件斜角-8.STL,ok,,1908,636,935.61083984375,258.6316833496094,880.058349609375,950.61083984375,283.6316833496094,905.058349609375,15.0,25.0,25.0,943.1108402314808,267.4441917071574,896.2458410027122
【二代】总装 - 【二代】保护笼打印件斜角-1.STL,ok,,1908,636,65.86892700195312,393.6316833496094,1266.941650390625,80.86892700195312,418.6316833496094,1291.941650390625,15.0,25.0,25.0,73.36892707070864,409.81917516216316,1283.1291423607856
【二代】总装 - 【二代】保护笼打印件斜角-10.STL,ok,,1908,636,675.11083984375,258.6316833496094,657.558349609375,700.11083984375,283.6316833496094,672.558349609375,25.0,25.0,15.0,691.2983317468324,267.44419172854094,665.0583490836897
【二代】总装 - 【二代】保护笼打印件斜角-11.STL,ok,,1908,636,316.2982177734375,393.6316833496094,657.6290283203125,341.2982177734375,418.6316833496094,672.6290283203125,25.0,25.0,15.0,325.1107260841218,409.81917516254083,665.1290283440151
【二代】总装 - 【二代】保护笼打印件斜角-12.STL,ok,,1908,636,316.2982177734375,258.6316833496094,657.6290283203125,341.2982177734375,283.6316833496094,672.6290283203125,25.0,25.0,15.0,325.1107260769453,267.44419173114557,665.1290284628573
【二代】总装 - 【二代】保护笼打印件斜角-13.STL,ok,,1908,636,935.61083984375,258.6316833496094,908.058349609375,950.61083984375,283.6316833496094,933.058349609375,15.0,25.0,25.0,943.110840355386,267.444191723343,916.8708576137279
【二代】总装 - 【二代】保护笼打印件斜角-14.STL,ok,,1908,636,935.6815795898438,258.6316833496094,1266.8709716796875,950.6815795898438,283.6316833496094,1291.8709716796875,15.0,25.0,25.0,943.1815795673954,267.44419169258055,1283.058463368004
【二代】总装 - 【二代】保护笼打印件斜角-15.STL,ok,,1908,636,935.61083984375,393.6316833496094,908.058349609375,950.61083984375,418.6316833496094,933.058349609375,15.0,25.0,25.0,943.1108402301988,409.81917517683405,916.8708576285666
【二代】总装 - 【二代】保护笼打印件斜角-16.STL,ok,,1908,636,935.6815795898438,393.6316833496094,1266.8709716796875,950.6815795898438,418.6316833496094,1291.8709716796875,15.0,25.0,25.0,943.1815794485543,409.81917518562017,1283.0584633791289
【二代】总装 - 【二代】保护笼打印件斜角-2.STL,ok,,1908,636,65.7982177734375,393.6316833496094,908.1290283203125,80.7982177734375,418.6316833496094,933.1290283203125,15.0,25.0,25.0,73.29821780777363,409.8191751601911,916.9415365672983
【二代】总装 - 【二代】保护笼打印件斜角-3.STL,ok,,1908,636,65.7982177734375,258.6316833496094,908.1290283203125,80.7982177734375,283.6316833496094,933.1290283203125,15.0,25.0,25.0,73.29821781163423,267.4441917269348,916.9415365678818
【二代】总装 - 【二代】保护笼打印件斜角-4.STL,ok,,1908,636,65.86892700195312,258.6316833496094,1266.941650390625,80.86892700195312,283.6316833496094,1291.941650390625,15.0,25.0,25.0,73.36892705759922,267.4441917214045,1283.1291423559983
【二代】总装 - 【二代】保护笼打印件斜角-5.STL,ok,,1908,636,675.1815795898438,393.6316833496094,1527.3709716796875,700.1815795898438,418.6316833496094,1542.3709716796875,25.0,25.0,15.0,691.3690713304571,409.81917512484847,1534.8709716644817
【二代】总装 - 【二代】保护笼打印件斜角-6.STL,ok,,1908,636,675.1815795898438,258.6316833496094,1527.3709716796875,700.1815795898438,283.6316833496094,1542.3709716796875,25.0,25.0,15.0,691.3690713199097,267.44419175380733,1534.870971657004
【二代】总装 - 【二代】保护笼打印件斜角-7.STL,ok,,1908,636,316.2275085449219,393.6316833496094,1527.441650390625,341.2275085449219,418.6316833496094,1542.441650390625,25.0,25.0,15.0,325.04001684405455,409.81917515578124,1534.9416507341516
【二代】总装 - 【二代】保护笼打印件斜角-8.STL,ok,,1908,636,316.3689270019531,258.6316833496094,1527.441650390625,341.3689270019531,283.6316833496094,1542.441650390625,25.0,25.0,15.0,325.1814353429945,267.4441917323563,1534.9416507927217
【二代】总装 - 【二代】保护笼打印件斜角-9.STL,ok,,1908,636,675.11083984375,393.6316833496094,657.558349609375,700.11083984375,418.6316833496094,672.558349609375,25.0,25.0,15.0,691.2983317507973,409.81917515571723,665.0583490429381
【二代】总装 - 【二代】保护笼长横-1.STL,ok,,4680,1560,65.7982177734375,418.6316833496094,908.1290283203125,80.7982177734375,420.6316833496094,1291.9290771484375,15.0,2.0,383.800048828125,73.29821781983232,419.63168345537633,1100.0290656524214
【二代】总装 - 【二代】保护笼长横-2.STL,ok,,4680,1560,65.7982177734375,256.6316833496094,908.1290283203125,80.7982177734375,258.6316833496094,1291.9290771484375,15.0,2.0,383.800048828125,73.29821781983232,257.6316834553761,1100.0290656524214
【二代】总装 - 【二代】保护笼长横-3.STL,ok,,4680,1560,316.31085205078125,418.6316833496094,657.558349609375,700.11083984375,420.6316833496094,672.558349609375,383.79998779296875,2.0,15.0,508.2108359714657,419.6316832433671,665.0583492470197
【二代】总装 - 【二代】保护笼长横-4.STL,ok,,4680,1560,316.2982177734375,256.6316833496094,657.6290283203125,700.0982055664062,258.6316833496094,672.6290283203125,383.79998779296875,2.0,15.0,508.1981987596693,257.6316832443667,665.129028279563
【二代】总装 - 【二代】保护笼长横-5.STL,ok,,4680,1560,935.61083984375,256.6316833496094,908.058349609375,950.61083984375,258.6316833496094,1291.8582763671875,15.0,2.0,383.7999267578125,943.11084004068,257.6316832433654,1099.9583333843743
【二代】总装 - 【二代】保护笼长横-6.STL,ok,,4680,1560,316.3815612792969,418.6316833496094,1527.3709716796875,700.1815795898438,420.6316833496094,1542.3709716796875,383.8000183105469,2.0,15.0,508.28155723765724,419.63168324333475,1534.87097152277
【二代】总装 - 【二代】保护笼长横-7.STL,ok,,4680,1560,316.3815612792969,256.6316833496094,1527.3709716796875,700.1815795898438,258.6316833496094,1542.3709716796875,383.8000183105469,2.0,15.0,508.28155723765724,257.6316832433331,1534.87097152277
【二代】总装 - 【二代】保护笼长横-8.STL,ok,,4680,1560,935.61083984375,418.6316833496094,908.058349609375,950.61083984375,420.6316833496094,1291.8582763671875,15.0,2.0,383.7999267578125,943.11084004068,419.631683243366,1099.9583333843743
【二代】总装 - 【二代】机臂-1.STL,ok,,7524,2508,523.80126953125,334.5816955566406,830.00146484375,778.2384033203125,340.5816955566406,1084.4385986328125,254.4371337890625,6.0,254.4371337890625,645.9975321950026,337.581695676456,962.2423557263145
【二代】总装 - 【二代】机臂-2.STL,ok,,7524,2508,523.80126953125,334.5816955566406,1115.5614013671875,778.2384033203125,340.5816955566406,1369.99853515625,254.4371337890625,6.0,254.4371337890625,645.9975325441615,337.58169563563683,1237.7576399787665
【二代】总装 - 【二代】机臂-3.STL,ok,,7524,2508,238.24136352539062,334.5816955566406,830.00146484375,492.6784973144531,340.5816955566406,1084.4385986328125,254.4371337890625,6.0,254.4371337890625,370.48226695160275,337.581695681554,962.2423667453522
【二代】总装 - 【二代】机臂-4.STL,ok,,7524,2508,238.24136352539062,334.5816955566406,1115.5614013671875,492.6784973144531,340.5816955566406,1369.99853515625,254.4371337890625,6.0,254.4371337890625,370.4822669163292,337.58169561311286,1237.7576288128755
【二代】总装 - 【二代】脚架连接件-2.STL,ok,,9990,3330,478.2398986816406,278.34130859375,1199.662353515625,538.2398681640625,332.5816955566406,1249.662353515625,59.999969482421875,54.240386962890625,50.0,508.23968728157297,314.69063271788093,1223.6730408851188
【二代】总装 - 【二代】脚架连接件-4.STL,ok,,9990,3330,478.2398986816406,278.34130859375,950.337646484375,538.2398681640625,332.5816955566406,1000.337646484375,59.999969482421875,54.240386962890625,50.0,508.24010223423,314.69063640590406,976.3269579300459
【二代】总装 - 飞控-1.STL,ok,,36,12,465.7398986816406,342.5816955566406,1077.5,550.7398681640625,362.5816955566406,1122.5,84.99996948242188,20.0,45.0,508.2398834228516,352.5816955566406,1100.0
