filename,role,mass_kg,geometry_method,volume_m3,area_m2,center_x_m,center_y_m,center_z_m,mass_reason
【二代】总装 - 12000mah格氏电池-1.STL,battery_1,1.6,watertight_volume,0.0007051718873291015,0.05436999249267578,-0.011406387327460951,-0.11137499999999996,0.03808169555664062,assigned component mass
【二代】总装 - 12000mah格氏电池-2.STL,battery_2,1.6,watertight_volume,0.0007051719999999999,0.05437,-0.006413421629218762,0.11137499999999996,0.03808169555664063,assigned component mass
【二代】总装 - 60A四合一电调-1.STL,structure,0.0041401367662429875,watertight_volume,9.008687875438487e-06,0.004170118616965479,-0.11707232650271635,0.008767483587145517,0.011831695556640624,structure_mass allocated by watertight mesh volume
【二代】总装 - M3-H6垫柱-5.STL,structure,3.328238017975086e-05,watertight_volume,7.242045171931368e-08,0.00017671248520536795,-0.132322329154451,0.025249853354764394,0.005581695556640625,structure_mass allocated by watertight mesh volume
【二代】总装 - M3-H6垫柱-6.STL,structure,3.328238017975109e-05,watertight_volume,7.242045171931419e-08,0.00017671248520536795,-0.10182232915445058,0.025249853354764276,0.0055816955566406,structure_mass allocated by watertight mesh volume
【二代】总装 - M3-H6垫柱-7.STL,structure,3.3282380179750925e-05,watertight_volume,7.242045171931383e-08,0.00017671248520536795,-0.1323223291544509,-0.005250146645235596,0.005581695556640615,structure_mass allocated by watertight mesh volume
【二代】总装 - M3-H6垫柱-8.STL,structure,3.3282380179750925e-05,watertight_volume,7.242045171931383e-08,0.00017671248520536795,-0.10182232915445097,-0.0052501466452356035,0.005581695556640627,structure_mass allocated by watertight mesh volume
【二代】总装 - M3H22铝柱-1.STL,structure,0.00020857284897319269,watertight_volume,4.538419385105371e-07,0.0006694651652081202,-0.06199997617688181,3.323522149151433e-07,0.01358169555664062,structure_mass allocated by watertight mesh volume
【二代】总装 - M3H22铝柱-2.STL,structure,0.00020857320673253003,watertight_volume,4.538427169732755e-07,0.0006694650881545954,1.8857626990018398e-07,-0.06199972101940331,0.013581695556640625,structure_mass allocated by watertight mesh volume
【二代】总装 - M3H22铝柱-3.STL,structure,0.0002085732067325299,watertight_volume,4.5384271697327527e-07,0.0006694650881545954,1.8857626989995623e-07,0.062000278980596665,0.013581695556640625,structure_mass allocated by watertight mesh volume
【二代】总装 - M3H22铝柱-4.STL,structure,0.0002085725275415793,watertight_volume,4.538412390947347e-07,0.0006694656766501341,0.06199964525780085,-2.4997942355308773e-08,0.013581695556640615,structure_mass allocated by watertight mesh volume
【二代】总装 - M3H6铝柱-1.STL,structure,5.8388733062710005e-05,watertight_volume,1.270503612086177e-07,0.00021187554824707481,-0.04949997592325878,0.11966239802512726,-0.002418304443359373,structure_mass allocated by watertight mesh volume
【二代】总装 - M3H6铝柱-10.STL,structure,5.838846090524716e-05,watertight_volume,1.2704976901039473e-07,0.0002118752376591198,-0.1323223335556721,0.025249926315031413,-0.0024183044433593774,structure_mass allocated by watertight mesh volume
【二代】总装 - M3H6铝柱-11.STL,structure,5.838846090524696e-05,watertight_volume,1.270497690103943e-07,0.00021187523765911986,-0.147322333555672,0.0649999263150316,-0.0024183044433593835,structure_mass allocated by watertight mesh volume
【二代】总装 - M3H6铝柱-12.STL,structure,5.838858194287342e-05,watertight_volume,1.2705003238096863e-07,0.00021187541399577564,-0.10182227457649597,0.02524995849253878,-0.002418304443359369,structure_mass allocated by watertight mesh volume
【二代】总装 - M3H6铝柱-13.STL,structure,5.838840489594083e-05,watertight_volume,1.2704964713752258e-07,0.0002118754354307108,-0.10732233659802094,0.06499990698409412,-0.0024183044433593774,structure_mass allocated by watertight mesh volume
【二代】总装 - M3H6铝柱-14.STL,structure,5.838846090524703e-05,watertight_volume,1.2704976901039447e-07,0.00021187523765911986,-0.14732233355567195,-0.06500007368496878,-0.00241830444335938,structure_mass allocated by watertight mesh volume
【二代】总装 - M3H6铝柱-15.STL,structure,5.838846090524703e-05,watertight_volume,1.2704976901039447e-07,0.00021187523765911983,-0.10732233355567201,-0.06500007368496889,-0.002418304443359381,structure_mass allocated by watertight mesh volume
【二代】总装 - M3H6铝柱-16.STL,structure,5.838888716662811e-05,watertight_volume,1.2705069652944813e-07,0.00021187563263170555,0.061999963574362,6.92868736619228e-08,-0.0024183044433593714,structure_mass allocated by watertight mesh volume
【二代】总装 - M3H6铝柱-17.STL,structure,5.8388497489775955e-05,watertight_volume,1.2704984861612265e-07,0.00021187533971703568,0.12732225883251472,5.181380166801015e-08,-0.0024183044433593844,structure_mass allocated by watertight mesh volume
【二代】总装 - M3H6铝柱-18.STL,structure,5.8388811891763926e-05,watertight_volume,1.2705053273588416e-07,0.00021187556014326135,0.1073222505134077,0.0649999832361273,-0.002418304443359376,structure_mass allocated by watertight mesh volume
【二代】总装 - M3H6铝柱-19.STL,structure,5.838871903085067e-05,watertight_volume,1.2705033067613817e-07,0.0002118756063322788,0.10732227699198392,-0.06499993392541592,-0.002418304443359379,structure_mass allocated by watertight mesh volume
【二代】总装 - M3H6铝柱-2.STL,structure,5.8388480851339904e-05,watertight_volume,1.2704981241188943e-07,0.0002118751167815741,-0.019500002215331273,0.11966226177897517,-0.0024183044433593757,structure_mass allocated by watertight mesh volume
【二代】总装 - M3H6铝柱-20.STL,structure,5.838881922613264e-05,watertight_volume,1.2705054869502809e-07,0.00021187541740371284,0.14732228232585332,0.06499994330563841,-0.002418304443359369,structure_mass allocated by watertight mesh volume
【二代】总装 - M3H6铝柱-21.STL,structure,5.8388457345921236e-05,watertight_volume,1.2704976126551624e-07,0.00021187513554524564,0.14732230246610695,-0.06499993740789621,-0.002418304443359375,structure_mass allocated by watertight mesh volume
【二代】总装 - M3H6铝柱-24.STL,structure,5.8388918065480575e-05,watertight_volume,1.270507637634873e-07,0.00021187557656697118,0.011600076577776949,-0.08916233260604134,-0.0024183044433593744,structure_mass allocated by watertight mesh volume
【二代】总装 - M3H6铝柱-25.STL,structure,5.8388727176725136e-05,watertight_volume,1.2705034840106966e-07,0.00021187559104270874,0.04759999620121053,-0.08916241093123559,-0.0024183044433593744,structure_mass allocated by watertight mesh volume
【二代】总装 - M3H6铝柱-26.STL,structure,5.838876510177942e-05,watertight_volume,1.270504309237002e-07,0.0002118751255537738,-0.019500005050439195,-0.11966240082746765,-0.0024183044433593766,structure_mass allocated by watertight mesh volume
【二代】总装 - M3H6铝柱-27.STL,structure,5.838857856331121e-05,watertight_volume,1.2705002502724513e-07,0.00021187553288185392,-0.0495000077129269,-0.11966242075719637,-0.0024183044433593757,structure_mass allocated by watertight mesh volume
【二代】总装 - M3H6铝柱-28.STL,structure,5.8389041424629514e-05,watertight_volume,1.2705103218555453e-07,0.0002118757014264447,-7.724183475935869e-08,-0.06199999198272011,-0.002418304443359375,structure_mass allocated by watertight mesh volume
【二代】总装 - M3H6铝柱-29.STL,structure,5.838863660138191e-05,watertight_volume,1.270501513145862e-07,0.0002118752100439998,-0.0620000045225211,-8.615706499409302e-08,-0.0024183044433593788,structure_mass allocated by watertight mesh volume
【二代】总装 - M3H6铝柱-3.STL,structure,5.838851405373887e-05,watertight_volume,1.2704988465830685e-07,0.00021187526526336492,0.011600077973325004,0.0891623196203113,-0.002418304443359375,structure_mass allocated by watertight mesh volume
【二代】总装 - M3H6铝柱-4.STL,structure,5.838889385384648e-05,watertight_volume,1.2705071108043195e-07,0.0002118756498468539,0.04759999598123504,0.0891622469997623,-0.0024183044433593753,structure_mass allocated by watertight mesh volume
【二代】总装 - M3H6铝柱-5.STL,structure,5.838860364294842e-05,watertight_volume,1.2705007959902293e-07,0.00021187528273559068,0.011600074571574399,0.1501623468366536,-0.0024183044433593744,structure_mass allocated by watertight mesh volume
【二代】总装 - M3H6铝柱-6.STL,structure,5.838895062329743e-05,watertight_volume,1.2705083460733294e-07,0.00021187550289110646,0.047599979542260355,0.150162259475201,-0.0024183044433593735,structure_mass allocated by watertight mesh volume
【二代】总装 - M3H6铝柱-7.STL,structure,5.838863660138201e-05,watertight_volume,1.270501513145864e-07,0.0002118752100439998,-4.522521004689152e-09,0.061999913842934996,-0.0024183044433593744,structure_mass allocated by watertight mesh volume
【二代】总装 - M3H6铝柱-8.STL,structure,5.8388946457910265e-05,watertight_volume,1.2705082554370173e-07,0.0002118755235063103,-0.13232228535152793,-0.005249937306401202,-0.002418304443359371,structure_mass allocated by watertight mesh volume
【二代】总装 - M3H6铝柱-9.STL,structure,5.8389220864990427e-05,watertight_volume,1.2705142263695627e-07,0.00021187601412923392,-0.10182227253954648,-0.00525005392156173,-0.0024183044433593705,structure_mass allocated by watertight mesh volume
【二代】总装 - P15x5桨叶-1.STL,propeller_1,0.013,watertight_volume,0.0002795966606119347,0.09057447118155536,0.21947612220193538,-0.2195236644634614,-0.054916215897604856,assigned component mass
【二代】总装 - P15x5桨叶-2.STL,propeller_2,0.013,watertight_volume,0.00027959649121792784,0.09057443823329672,0.21952378929179905,0.2194761997242683,-0.054916218478373593,assigned component mass
【二代】总装 - P15x5桨叶-3.STL,propeller_3,0.013,watertight_volume,0.00027959641600918035,0.09057444478244468,-0.21953319168227048,0.21951144856057825,-0.05491621800088925,assigned component mass
【二代】总装 - P15x5桨叶-4.STL,propeller_4,0.013,watertight_volume,0.0002795967894289435,0.09057448286277009,-0.2194751424083962,-0.2195226589288086,-0.05491621777597015,assigned component mass
【二代】总装 - U7-1.STL,motor_1,0.299,triangle_area_surface,,0.033814071508927096,-0.21896353267352545,0.21988366403571305,-0.025424731800731067,assigned component mass
【二代】总装 - U7-2.STL,motor_2,0.299,triangle_area_surface,,0.0338140742621801,-0.21896352901395227,-0.21911842518600477,-0.02542473266859005,assigned component mass
【二代】总装 - U7-3.STL,motor_3,0.299,triangle_area_surface,,0.033814075031561856,0.22003856302651545,-0.21911842512160112,-0.02542473249316641,assigned component mass
【二代】总装 - U7-4.STL,motor_4,0.299,triangle_area_surface,,0.03381407201637342,0.22003855933933908,0.21988366417440824,-0.025424731897487618,assigned component mass
【二代】总装 - nuc-1.STL,nuc,0.5775,watertight_volume,0.0007029107588491738,0.049835164403374294,-1.3361920466487253e-08,-1.8044162647207335e-20,0.053581695556640635,assigned component mass
【二代】总装 - 【】26碳管-1.STL,structure,0.008172307250460803,watertight_volume,1.7782447633582203e-05,0.035864407805615894,1.3201030123733185e-06,-0.14563244781014723,-0.15970910644736042,structure_mass allocated by watertight mesh volume
【二代】总装 - 【】26碳管-2.STL,structure,0.008172290331002951,watertight_volume,1.7782410817862476e-05,0.035864403515264064,1.3188044478906254e-06,0.14563482568920566,-0.15970874722835343,structure_mass allocated by watertight mesh volume
【二代】总装 - 【】26碳管2-1.STL,structure,0.010910039838684802,watertight_volume,2.3739588608929115e-05,0.047797212421764386,3.6274964580682e-07,-0.17410595613920404,-0.32117610064690955,structure_mass allocated by watertight mesh volume
【二代】总装 - 【】26碳管2-2.STL,structure,0.010910057778823786,watertight_volume,2.3739627645589416e-05,0.047797227431392496,2.7982429214084737e-07,0.17410345711242192,-0.32117648423579603,structure_mass allocated by watertight mesh volume
【二代】总装 - 【】保护壳1(带孔)-1.STL,structure,0.045310055427981416,watertight_volume,9.859194756503495e-05,0.10112117972782814,0.11304197522546262,8.527354181417129e-11,0.0466027258619823,structure_mass allocated by watertight mesh volume
【二代】总装 - 【】保护壳1-2.STL,structure,0.04576610435542456,watertight_volume,9.95842825228465e-05,0.10181711452924014,-0.112324011430246,7.279689251975912e-11,0.046665988990396534,structure_mass allocated by watertight mesh volume
【二代】总装 - 【】保护壳固定-1.STL,structure,0.0010556183834132529,watertight_volume,2.296961928717795e-06,0.0027407635632938376,0.15932235870303646,4.9525667095424514e-11,-0.0024183043965557557,structure_mass allocated by watertight mesh volume
【二代】总装 - 【】保护壳固定-2.STL,structure,0.0010556184588319294,watertight_volume,2.2969620928242858e-06,0.00274076343318177,-0.15932232605591992,4.95256616364257e-11,-0.0024183043965557566,structure_mass allocated by watertight mesh volume
【二代】总装 - 【】保护壳固定2-1.STL,structure,0.00013952317398443692,watertight_volume,3.035940107256162e-07,0.0004565171825914204,0.03199995791666008,0.15032232613149088,-0.002418302728678315,structure_mass allocated by watertight mesh volume
【二代】总装 - 【】保护壳固定2-2.STL,structure,0.00013952313079101513,watertight_volume,3.035939167393358e-07,0.0004565172020435244,-0.03699999795706756,0.15032232613153823,-0.0024183045409495903,structure_mass allocated by watertight mesh volume
【二代】总装 - 【】保护壳固定2-3.STL,structure,0.00013952317417961012,watertight_volume,3.035940111503013e-07,0.0004565171827809376,0.03199995659786498,-0.15032240059945823,-0.002418302728678316,structure_mass allocated by watertight mesh volume
【二代】总装 - 【】保护壳固定2-4.STL,structure,0.00013952313098105213,watertight_volume,3.035939171528448e-07,0.0004565172022847454,-0.03699999663812168,-0.15032240059949128,-0.002418304540949589,structure_mass allocated by watertight mesh volume
【二代】总装 - 【】保护壳盖-1.STL,structure,0.06911911891594592,watertight_volume,0.00015039903358171524,0.1531971776202643,-0.003340077213417921,1.7360041056749157e-08,0.0975816955566406,structure_mass allocated by watertight mesh volume
【二代】总装 - 【】相机雷达装-2 mid-360-fov-asm-1 mid-360-fov-__60_4_ASM_2_ASM.stp-1 MID-360_4_1_1.stp-1.STL,mid360,0.0,triangle_area_surface,,0.0066941571879338205,0.13253853973780025,-1.0267625059055344e-07,0.17577316664335538,MID360 constituent reference; excluded to avoid aggregate double count
【二代】总装 - 【】相机雷达装-2 mid-360-fov-asm-1 mid-360-fov-__60_4_ASM_2_ASM.stp-1 MID-360_4_2_1.stp-1.STL,mid360,0.0,watertight_volume,1.532964200508194e-05,0.009940215691649969,0.11558948371692869,-1.751138569358325e-05,0.1395562931511309,MID360 constituent reference; excluded to avoid aggregate double count
【二代】总装 - 【】相机雷达装-2 mid-360-fov-asm-1 mid-360-fov-__60_4_ASM_2_ASM.stp-1 MID-360_4_3_2.stp-1.STL,mid360,0.0,watertight_volume,1.9042774930664109e-06,0.0019178507590964183,0.12082843607523823,0.03051782217016873,0.15068439251064603,MID360 constituent reference; excluded to avoid aggregate double count
【二代】总装 - 【】相机雷达装-2 mid-360-fov-asm-1 mid-360-fov-__60_4_ASM_2_ASM.stp-1 MID-360_4_4_1.stp-1.STL,mid360,0.0,watertight_volume,3.320719891156246e-13,7.079050594892601e-08,0.1408010071998141,-0.0200000443222653,0.1352908707759209,MID360 constituent reference; excluded to avoid aggregate double count
【二代】总装 - 【】相机雷达装-2 mid-360-fov-asm-1 mid-360-fov-__60_4_ASM_2_ASM.stp-1 MID-360_4_5_1.stp-1.STL,mid360,0.0,watertight_volume,3.320675510848431e-13,7.078274204580007e-08,0.140801009038224,0.01754995368676916,0.1352908690724152,MID360 constituent reference; excluded to avoid aggregate double count
【二代】总装 - 【】相机雷达装-2 mid-360-fov-asm-1 mid-360-fov-__60_4_ASM_2_ASM.stp-1 MID-360_4_6_1.stp-1.STL,mid360,0.0,watertight_volume,3.3211719456463835e-13,7.079044457328467e-08,0.0962191689267061,-0.0199999781318178,0.15607972261337438,MID360 constituent reference; excluded to avoid aggregate double count
【二代】总装 - 【】相机雷达装-2 mid-360-fov-asm-1 mid-360-fov-__60_4_ASM_2_ASM.stp-1 MID-360_4_7_1.stp-1.STL,mid360,0.0,watertight_volume,3.3213918209183153e-13,7.078803088513377e-08,0.09621916806130647,0.017550018026115652,0.15607972352961805,MID360 constituent reference; excluded to avoid aggregate double count
【二代】总装 - 【】相机雷达装-2 mid-360-fov-asm-1 mid-360-fov-___2_ASM.stp-1 MID-360_4_ASM_2_ASM-0.stp-1.STL,mid360,0.265,triangle_area_surface,,0.027786189786793862,0.12253439868426624,0.0002058300568404638,0.15431504570113494,assigned component mass
【二代】总装 - 【】相机雷达装-2 【】四目鱼眼相机-1.STL,camera,0.88,watertight_volume,2.378369082015568e-05,0.019495492093729964,0.11673212435998263,5.863300984326662e-11,0.11649420299827473,assigned component mass
【二代】总装 - 【】脚架2-1.STL,structure,0.019691529119744474,watertight_volume,4.284757959599118e-05,0.023835775408611183,-1.4487718923192943e-08,-0.17203646695314248,-0.3094442367003478,structure_mass allocated by watertight mesh volume
【二代】总装 - 【】脚架2-3.STL,structure,0.019691527988768154,watertight_volume,4.2847577135054934e-05,0.023835764616933187,-1.508717440967891e-08,0.17203559742528213,-0.3094443764028715,structure_mass allocated by watertight mesh volume
【二代】总装 - 【二代】nuc隔板-1.STL,structure,0.011645494779441462,watertight_volume,2.5339894198287267e-05,0.02700501449851649,-1.3095789171800416e-08,2.2233065274486522e-10,0.0255816955566406,structure_mass allocated by watertight mesh volume
【二代】总装 - 【二代】中心版上-1.STL,structure,0.06796565885029991,watertight_volume,0.0001478891740541477,0.15140166283684256,-0.0034256765323195356,-4.055679887892198e-06,0.001581695556640625,structure_mass allocated by watertight mesh volume
【二代】总装 - 【二代】中心版下-3.STL,structure,0.06266456232460242,watertight_volume,0.00013635430776978656,0.14210892488628296,-0.006128404475560637,-4.394000919687932e-06,-0.006418304443359376,structure_mass allocated by watertight mesh volume
【二代】总装 - 【二代】保护笼分装-1 【】桨保碳管-1.STL,structure,0.0038744034842677997,watertight_volume,8.430468282561915e-06,0.017090969639169645,0.3007879250529369,-0.30079135523801553,0.013630362778990235,structure_mass allocated by watertight mesh volume
【二代】总装 - 【二代】保护笼分装-1 【】桨保连接-1.STL,structure,0.002687733188895301,watertight_volume,5.848345298309319e-06,0.005580176562862464,0.36442470241212943,-0.3644247047809569,0.013631693205728296,structure_mass allocated by watertight mesh volume
【二代】总装 - 【二代】保护笼分装-1 【】桨保连接件-1.STL,structure,0.003034474094302213,watertight_volume,6.602832593494117e-06,0.004768994006775772,0.24945034281406944,-0.24945023431524077,0.007770647223654954,structure_mass allocated by watertight mesh volume
【二代】总装 - 【二代】保护笼分装-1 【二代】保护笼延伸2-1.STL,structure,0.0027780619717944345,watertight_volume,6.044895281377867e-06,0.005703996662407252,0.37099866629623196,-0.37092794132884205,-0.00013681344296337814,structure_mass allocated by watertight mesh volume
【二代】总装 - 【二代】保护笼分装-1 【二代】保护笼延伸2-2.STL,structure,0.00277806697052074,watertight_volume,6.044906158304792e-06,0.005703998302665712,0.4349416811027676,-0.19337097167968623,-0.00013679838933731221,structure_mass allocated by watertight mesh volume
【二代】总装 - 【二代】保护笼分装-1 【二代】保护笼延伸2-3.STL,structure,0.0027780660835924377,watertight_volume,6.044904228402303e-06,0.0057039980372139915,0.19344168090984534,-0.434870971592905,-0.00013680014915165724,structure_mass allocated by watertight mesh volume
【二代】总装 - 【二代】保护笼分装-1 【二代】保护笼弯-1.STL,structure,0.002338841522705545,watertight_volume,5.08917807739227e-06,0.006415842116462216,0.415931342051444,-0.28792710158115026,0.07963168334960943,structure_mass allocated by watertight mesh volume
【二代】总装 - 【二代】保护笼分装-1 【二代】保护笼弯-2.STL,structure,0.00233884546059721,watertight_volume,5.089186646007004e-06,0.006415850630870723,0.28799780950161596,-0.4158606239318081,0.0796316833496094,structure_mass allocated by watertight mesh volume
【二代】总装 - 【二代】保护笼分装-1 【二代】保护笼弯-3.STL,structure,0.00233884546059721,watertight_volume,5.089186646007004e-06,0.006415850630870723,0.28799780950161596,-0.4158606239318081,-0.08236831665039071,structure_mass allocated by watertight mesh volume
【二代】总装 - 【二代】保护笼分装-1 【二代】保护笼弯-4.STL,structure,0.002338841522705545,watertight_volume,5.08917807739227e-06,0.006415842116462216,0.415931342051444,-0.28792710158115026,-0.08236831665039121,structure_mass allocated by watertight mesh volume
【二代】总装 - 【二代】保护笼分装-1 【二代】保护笼打印件斜角-1.STL,structure,0.0013754541873395477,watertight_volume,2.9929053459630667e-06,0.0027550893051046317,0.3779202185330542,-0.36400643189247966,0.0703430778147663,structure_mass allocated by watertight mesh volume
【二代】总装 - 【二代】保护笼分装-1 【二代】保护笼打印件斜角-2.STL,structure,0.0013754265971955045,watertight_volume,2.9928453114738325e-06,0.0027550863528548976,0.3640771252788112,-0.3778494998498056,0.07034312454560039,structure_mass allocated by watertight mesh volume
【二代】总装 - 【二代】保护笼分装-1 【二代】保护笼打印件斜角-3.STL,structure,0.0013754251490062106,watertight_volume,2.992842160301281e-06,0.0027550861429527403,0.3640771244158826,-0.3778495063909258,-0.07307976334707723,structure_mass allocated by watertight mesh volume
【二代】总装 - 【二代】保护笼分装-1 【二代】保护笼打印件斜角-4.STL,structure,0.0013754526691552341,watertight_volume,2.9929020424855754e-06,0.0027550891911314445,0.3779202302469947,-0.3640064172901564,-0.07307971581805893,structure_mass allocated by watertight mesh volume
【二代】总装 - 【二代】保护笼分装-1 【二代】保护笼打印件斜角-5.STL,structure,0.0013754346859281398,watertight_volume,2.992862912068144e-06,0.002755086053402746,0.4349416809444867,-0.20315953656239766,0.07034312010873645,structure_mass allocated by watertight mesh volume
【二代】总装 - 【二代】保护笼分装-1 【二代】保护笼打印件斜角-6.STL,structure,0.0013754347512132759,watertight_volume,2.9928630541246623e-06,0.0027550860561066154,0.4349416811182875,-0.2031595362401765,-0.07307975343402401,structure_mass allocated by watertight mesh volume
【二代】总装 - 【二代】保护笼分装-1 【二代】保护笼打印件斜角-7.STL,structure,0.0013754346875126382,watertight_volume,2.992862915515917e-06,0.0027550860538479885,0.20323024374965556,-0.43487097171155276,0.07034311804321934,structure_mass allocated by watertight mesh volume
【二代】总装 - 【二代】保护笼分装-1 【二代】保护笼打印件斜角-8.STL,structure,0.0013754347490483978,watertight_volume,2.992863049414018e-06,0.0027550860563431753,0.20323024344594123,-0.43487097170022665,-0.07307975138679677,structure_mass allocated by watertight mesh volume
【二代】总装 - 【二代】保护笼分装-2 【】桨保碳管-1.STL,structure,0.0038743999068531483,watertight_volume,8.430460498323419e-06,0.017090970191074514,-0.30079134451210005,-0.30078794450734553,0.013630360685583001,structure_mass allocated by watertight mesh volume
【二代】总装 - 【二代】保护笼分装-2 【】桨保连接-1.STL,structure,0.0026877277220044827,watertight_volume,5.8483334026846536e-06,0.005580173040858365,-0.3644247015216787,-0.3644246999829655,0.013631685222858183,structure_mass allocated by watertight mesh volume
【二代】总装 - 【二代】保护笼分装-2 【】桨保连接件-1.STL,structure,0.003034472029583824,watertight_volume,6.6028281007914434e-06,0.0047689926074963255,-0.2494502451317443,-0.2494503413302056,0.007770648131818871,structure_mass allocated by watertight mesh volume
【二代】总装 - 【二代】保护笼分装-2 【二代】保护笼延伸2-1.STL,structure,0.0027780652015252072,watertight_volume,6.0449023090772165e-06,0.005703997280351258,-0.3709279937046122,-0.3709987119264234,-0.00013680436855509717,structure_mass allocated by watertight mesh volume
【二代】总装 - 【二代】保护笼分装-2 【二代】保护笼延伸2-2.STL,structure,0.002778066602044518,watertight_volume,6.044905356522759e-06,0.005703998215150019,-0.19337097167804299,-0.4349416494181355,-0.00013679898637186723,structure_mass allocated by watertight mesh volume
【二代】总装 - 【二代】保护笼分装-2 【二代】保护笼延伸2-3.STL,structure,0.0027780669407353083,watertight_volume,6.0449060934934885e-06,0.005703998439714543,-0.43487097175171474,-0.19344165039062283,-0.00013679861598489754,structure_mass allocated by watertight mesh volume
【二代】总装 - 【二代】保护笼分装-2 【二代】保护笼弯-1.STL,structure,0.0023388388213749114,watertight_volume,5.089172199459751e-06,0.0064158361269623775,-0.28792712526502323,-0.4159313116601352,0.07963168334960948,structure_mass allocated by watertight mesh volume
【二代】总装 - 【二代】保护笼分装-2 【二代】保护笼弯-2.STL,structure,0.00233884357056861,watertight_volume,5.0891825334187735e-06,0.006415846311646179,-0.41586063170077364,-0.2879977867888379,0.07963168334960931,structure_mass allocated by watertight mesh volume
【二代】总装 - 【二代】保护笼分装-2 【二代】保护笼弯-3.STL,structure,0.00233884357056861,watertight_volume,5.0891825334187735e-06,0.006415846311646179,-0.41586063170077364,-0.2879977867888379,-0.0823683166503907,structure_mass allocated by watertight mesh volume
【二代】总装 - 【二代】保护笼分装-2 【二代】保护笼弯-4.STL,structure,0.0023388388213749114,watertight_volume,5.089172199459751e-06,0.0064158361269623775,-0.28792712526502323,-0.4159313116601352,-0.08236831665039061,structure_mass allocated by watertight mesh volume
【二代】总装 - 【二代】保护笼分装-2 【二代】保护笼打印件斜角-1.STL,structure,0.0013754459796196852,watertight_volume,2.9928874864597253e-06,0.0027550875721602495,-0.3640064033457336,-0.37792021106672224,0.07034309049660224,structure_mass allocated by watertight mesh volume
【二代】总装 - 【二代】保护笼分装-2 【二代】保护笼打印件斜角-2.STL,structure,0.001375431970642956,watertight_volume,2.992857003771367e-06,0.0027550884046036016,-0.3778495197341472,-0.3640771247536806,0.0703431248311706,structure_mass allocated by watertight mesh volume
【二代】总装 - 【二代】保护笼分装-2 【二代】保护笼打印件斜角-3.STL,structure,0.0013754309706315456,watertight_volume,2.9928548278068572e-06,0.0027550884828033847,-0.37784952277817563,-0.36407712814653226,-0.07307976161325122,structure_mass allocated by watertight mesh volume
【二代】总装 - 【二代】保护笼分装-2 【二代】保护笼打印件斜角-4.STL,structure,0.0013754455038694233,watertight_volume,2.992886451255852e-06,0.002755087536434862,-0.3640064092556109,-0.3779202008904405,-0.07307972332477088,structure_mass allocated by watertight mesh volume
【二代】总装 - 【二代】保护笼分装-2 【二代】保护笼打印件斜角-5.STL,structure,0.0013754343777947766,watertight_volume,2.992862241588532e-06,0.0027550860410597245,-0.203159534736177,-0.4349416498033693,0.07034311825564075,structure_mass allocated by watertight mesh volume
【二代】总装 - 【二代】保护笼分装-2 【二代】保护笼打印件斜角-6.STL,structure,0.001375434292229712,watertight_volume,2.9928620554041125e-06,0.0027550860375962034,-0.2031595351584898,-0.43494164988920875,-0.0730797523170107,structure_mass allocated by watertight mesh volume
【二代】总装 - 【二代】保护笼分装-2 【二代】保护笼打印件斜角-7.STL,structure,0.0013754345494699763,watertight_volume,2.992862615143411e-06,0.002755086047653563,-0.43487097175771366,-0.20323021451489484,0.07034311925789065,structure_mass allocated by watertight mesh volume
【二代】总装 - 【二代】保护笼分装-2 【二代】保护笼打印件斜角-8.STL,structure,0.001375434557062125,watertight_volume,2.992862631663469e-06,0.0027550860479695245,-0.4348709717768092,-0.20323021447742162,-0.07307975286468973,structure_mass allocated by watertight mesh volume
【二代】总装 - 【二代】保护笼分装-3 【】桨保碳管-1.STL,structure,0.0038744187922139933,watertight_volume,8.430501591729476e-06,0.01709097038302044,-0.3007878613512602,0.300791266319636,0.013630346170159253,structure_mass allocated by watertight mesh volume
【二代】总装 - 【二代】保护笼分装-3 【】桨保连接-1.STL,structure,0.002687718797922191,watertight_volume,5.848313984419876e-06,0.0055801620034996195,-0.3644246932627316,0.36442469105597564,0.013631689511391744,structure_mass allocated by watertight mesh volume
【二代】总装 - 【二代】保护笼分装-3 【】桨保连接件-1.STL,structure,0.003034470559002856,watertight_volume,6.602824900895961e-06,0.004768993728428806,-0.24945034916994466,0.2494502291620935,0.007770645398144857,structure_mass allocated by watertight mesh volume
【二代】总装 - 【二代】保护笼分装-3 【二代】保护笼延伸2-1.STL,structure,0.0027780636162036292,watertight_volume,6.044898859513087e-06,0.005703996787892332,-0.37099869242869293,0.370927983925401,-0.0001368109260127198,structure_mass allocated by watertight mesh volume
【二代】总装 - 【二代】保护笼分装-3 【二代】保护笼延伸2-2.STL,structure,0.002778066958848593,watertight_volume,6.044906132906903e-06,0.00570399842001488,-0.43494168097719893,0.1933709716796853,-0.00013679857729156133,structure_mass allocated by watertight mesh volume
【二代】总装 - 【二代】保护笼分装-3 【二代】保护笼延伸2-3.STL,structure,0.002778066970520741,watertight_volume,6.044906158304794e-06,0.00570399830266571,-0.19344168090656153,0.4348709718726101,-0.00013679838933731108,structure_mass allocated by watertight mesh volume
【二代】总装 - 【二代】保护笼分装-3 【二代】保护笼弯-1.STL,structure,0.0023388434076648153,watertight_volume,5.089182178949942e-06,0.00641584604734916,-0.4159313354433437,0.2879270984697369,0.07963168334960963,structure_mass allocated by watertight mesh volume
【二代】总装 - 【二代】保护笼分装-3 【二代】保护笼弯-2.STL,structure,0.0023388413926005444,watertight_volume,5.089177794291636e-06,0.006415841619095999,-0.28799780283650583,0.41586063378499694,0.0796316833496092,structure_mass allocated by watertight mesh volume
【二代】总装 - 【二代】保护笼分装-3 【二代】保护笼弯-3.STL,structure,0.0023388413926005444,watertight_volume,5.089177794291636e-06,0.006415841619095999,-0.28799780283650583,0.41586063378499694,-0.08236831665039097,structure_mass allocated by watertight mesh volume
【二代】总装 - 【二代】保护笼分装-3 【二代】保护笼弯-4.STL,structure,0.0023388434076648153,watertight_volume,5.089182178949942e-06,0.00641584604734916,-0.4159313354433437,0.2879270984697369,-0.08236831665039059,structure_mass allocated by watertight mesh volume
【二代】总装 - 【二代】保护笼分装-3 【二代】保护笼打印件斜角-1.STL,structure,0.00137542745276328,watertight_volume,2.9928471731377046e-06,0.002755084204661774,-0.37792023660947277,0.3640064165296338,0.07034312391065527,structure_mass allocated by watertight mesh volume
【二代】总装 - 【二代】保护笼分装-3 【二代】保护笼打印件斜角-2.STL,structure,0.0013754421571930925,watertight_volume,2.992879169090024e-06,0.002755087611048329,-0.36407710943690996,0.3778495155494113,0.07034310801661856,structure_mass allocated by watertight mesh volume
【二代】总装 - 【二代】保护笼分装-3 【二代】保护笼打印件斜角-3.STL,structure,0.001375442537873993,watertight_volume,2.992879997428701e-06,0.002755087520215917,-0.3640771083653966,0.3778495165951666,-0.07307973843817935,structure_mass allocated by watertight mesh volume
【二代】总装 - 【二代】保护笼分装-3 【二代】保护笼打印件斜角-4.STL,structure,0.0013754295770972075,watertight_volume,2.992851795560194e-06,0.002755084238048544,-0.3779202318907687,0.3640064149175516,-0.07307975180834729,structure_mass allocated by watertight mesh volume
【二代】总装 - 【二代】保护笼分装-3 【二代】保护笼打印件斜角-5.STL,structure,0.0013754346086344493,watertight_volume,2.992862743881736e-06,0.002755086049744116,-0.4349416809643711,0.20315953593433103,0.07034311937942077,structure_mass allocated by watertight mesh volume
【二代】总装 - 【二代】保护笼分装-3 【二代】保护笼打印件斜角-6.STL,structure,0.0013754345781959497,watertight_volume,2.9928626776493967e-06,0.0027550860484790453,-0.43494168095874847,0.20315953608455864,-0.07307975317178939,structure_mass allocated by watertight mesh volume
【二代】总装 - 【二代】保护笼分装-3 【二代】保护笼打印件斜角-7.STL,structure,0.0013754345796619769,watertight_volume,2.9928626808393833e-06,0.0027550860486912523,-0.20323024440920895,0.43487097188625057,0.07034311876824383,structure_mass allocated by watertight mesh volume
【二代】总装 - 【二代】保护笼分装-3 【二代】保护笼打印件斜角-8.STL,structure,0.0013754344786705945,watertight_volume,2.9928624610882272e-06,0.0027550860444997822,-0.20323024490765956,0.4348709717124412,-0.07307975290487867,structure_mass allocated by watertight mesh volume
【二代】总装 - 【二代】保护笼分装-4 【】桨保碳管-1.STL,structure,0.003874422226673224,watertight_volume,8.430509064905598e-06,0.01709096997514165,0.30079126796366623,0.3007878425084915,0.01363034966525997,structure_mass allocated by watertight mesh volume
【二代】总装 - 【二代】保护笼分装-4 【】桨保连接-1.STL,structure,0.002687723788251039,watertight_volume,5.848324843074439e-06,0.0055801655176097986,0.36442469709842423,0.3644246920771756,0.013631691743574443,structure_mass allocated by watertight mesh volume
【二代】总装 - 【二代】保护笼分装-4 【】桨保连接件-1.STL,structure,0.0030344721688760896,watertight_volume,6.602828403883012e-06,0.004768994928148567,0.24945023249468348,0.24945033517700393,0.007770644251028153,structure_mass allocated by watertight mesh volume
【二代】总装 - 【二代】保护笼分装-4 【二代】保护笼延伸2-1.STL,structure,0.00277806004455681,watertight_volume,6.044891087825045e-06,0.005703991237360018,0.3709279274286208,0.3709986448757361,-0.0001367950838556548,structure_mass allocated by watertight mesh volume
【二代】总装 - 【二代】保护笼分装-4 【二代】保护笼延伸2-2.STL,structure,0.0027780669903397105,watertight_volume,6.044906201429676e-06,0.005703998485866894,0.19337094116375048,0.4349416497398033,-0.00013679871952331182,structure_mass allocated by watertight mesh volume
【二代】总装 - 【二代】保护笼分装-4 【二代】保护笼延伸2-3.STL,structure,0.002778066879004198,watertight_volume,6.044905959170316e-06,0.005703998515414862,0.4348709404941756,0.1934416503906252,-0.00013679889021185078,structure_mass allocated by watertight mesh volume
【二代】总装 - 【二代】保护笼分装-4 【二代】保护笼弯-1.STL,structure,0.0023388468028277517,watertight_volume,5.0891895666197e-06,0.006415853432249413,0.28792709626139046,0.4159313348098172,0.07963168334960972,structure_mass allocated by watertight mesh volume
【二代】总装 - 【二代】保护笼分装-4 【二代】保护笼弯-2.STL,structure,0.0023388456798783984,watertight_volume,5.089187123149641e-06,0.00641585114933177,0.4158606125677384,0.2879978095706171,0.0796316833496091,structure_mass allocated by watertight mesh volume
【二代】总装 - 【二代】保护笼分装-4 【二代】保护笼弯-3.STL,structure,0.0023388456798783984,watertight_volume,5.089187123149641e-06,0.00641585114933177,0.4158606125677384,0.2879978095706171,-0.08236831665039036,structure_mass allocated by watertight mesh volume
【二代】总装 - 【二代】保护笼分装-4 【二代】保护笼弯-4.STL,structure,0.0023388468028277517,watertight_volume,5.0891895666197e-06,0.006415853432249413,0.28792709626139046,0.4159313348098172,-0.08236831665039056,structure_mass allocated by watertight mesh volume
【二代】总装 - 【二代】保护笼分装-4 【二代】保护笼打印件斜角-1.STL,structure,0.0013754368482678332,watertight_volume,2.9928676171888874e-06,0.002755086007845758,0.3640064163192085,0.37792023505792716,0.0703431092721514,structure_mass allocated by watertight mesh volume
【二代】总装 - 【二代】保护笼分装-4 【二代】保护笼打印件斜角-2.STL,structure,0.0013754319170568958,watertight_volume,2.992856887171332e-06,0.0027550871324442837,0.3778495128549234,0.36407711387143565,0.0703431216344877,structure_mass allocated by watertight mesh volume
【二代】总装 - 【二代】保护笼分装-4 【二代】保护笼打印件斜角-3.STL,structure,0.0013754327870091235,watertight_volume,2.9928587801349054e-06,0.0027550872857417565,0.3778495138994576,0.36407711339489585,-0.07307975522186273,structure_mass allocated by watertight mesh volume
【二代】总装 - 【二代】保护笼分装-4 【二代】保护笼打印件斜角-4.STL,structure,0.0013754362645769507,watertight_volume,2.9928663471127343e-06,0.002755085959598668,0.36400641615381457,0.3779202328128409,-0.07307974301861916,structure_mass allocated by watertight mesh volume
【二代】总装 - 【二代】保护笼分装-4 【二代】保护笼打印件斜角-5.STL,structure,0.0013754347404556703,watertight_volume,2.992863030716762e-06,0.0027550860555661276,0.20315950490828844,0.4349416496221775,0.0703431194909503,structure_mass allocated by watertight mesh volume
【二代】总装 - 【二代】保护笼分装-4 【二代】保护笼打印件斜角-6.STL,structure,0.0013754347411618869,watertight_volume,2.9928630322534466e-06,0.002755086055581426,0.20315950490480297,0.434941649562955,-0.07307975313134803,structure_mass allocated by watertight mesh volume
【二代】总装 - 【二代】保护笼分装-4 【二代】保护笼打印件斜角-7.STL,structure,0.0013754347091022988,watertight_volume,2.9928629624937163e-06,0.0027550860542731722,0.4348709404125228,0.20323021382851872,0.0703431191540432,structure_mass allocated by watertight mesh volume
【二代】总装 - 【二代】保护笼分装-4 【二代】保护笼打印件斜角-8.STL,structure,0.0013754345395553663,watertight_volume,2.992862593569818e-06,0.0027550860471937952,0.43487094059535325,0.2032302146653321,-0.07307975362519933,structure_mass allocated by watertight mesh volume
【二代】总装 - 【二代】保护笼打印件斜角-1.STL,structure,0.0013754345594921473,watertight_volume,2.992862636951051e-06,0.002755086048101772,-0.434870971778699,-0.18365308622341503,0.07034311905760855,structure_mass allocated by watertight mesh volume
【二代】总装 - 【二代】保护笼打印件斜角-10.STL,structure,0.0013754345940251173,watertight_volume,2.9928627120927103e-06,0.0027550860494513258,0.1835823771290615,0.43494164962027715,-0.07307975258730692,structure_mass allocated by watertight mesh volume
【二代】总装 - 【二代】保护笼打印件斜角-11.STL,structure,0.0013754344921323455,watertight_volume,2.992862490380185e-06,0.0027550860450551054,-0.18365311697012612,0.43487097171432976,0.07034311915224238,structure_mass allocated by watertight mesh volume
【二代】总装 - 【二代】保护笼打印件斜角-12.STL,structure,0.0013754345574174738,watertight_volume,2.9928626324366863e-06,0.002755086047758974,-0.1836531172923456,0.4348709718881394,-0.07307975247753035,structure_mass allocated by watertight mesh volume
【二代】总装 - 【二代】保护笼打印件斜角-13.STL,structure,0.001375434672692392,watertight_volume,2.9928628832679554e-06,0.0027550860528057536,0.43487094041440877,0.18365308609990494,-0.07307975279341035,structure_mass allocated by watertight mesh volume
【二代】总装 - 【二代】保护笼打印件斜角-14.STL,structure,0.001375434747458764,watertight_volume,2.992863045955071e-06,0.00275508605592386,0.43494168094259916,-0.1835824063623494,-0.07307975423150345,structure_mass allocated by watertight mesh volume
【二代】总装 - 【二代】保护笼打印件斜角-15.STL,structure,0.0013754345388530043,watertight_volume,2.9928625920415207e-06,0.0027550860472152026,0.4348709405972356,0.18365308543933026,0.07034311980263237,structure_mass allocated by watertight mesh volume
【二代】总装 - 【二代】保护笼打印件斜角-16.STL,structure,0.001375434848450144,watertight_volume,2.9928632657062224e-06,0.00275508606011533,0.43494168111640114,-0.18358240686080013,0.0703431200948688,structure_mass allocated by watertight mesh volume
【二代】总装 - 【二代】保护笼打印件斜角-2.STL,structure,0.0013754345129127568,watertight_volume,2.992862535597107e-06,0.002755086045770285,-0.43494168095686014,0.18358240785655514,0.07034311903050343,structure_mass allocated by watertight mesh volume
【二代】总装 - 【二代】保护笼打印件斜角-3.STL,structure,0.0013754345076450068,watertight_volume,2.9928625241348004e-06,0.0027550860455501907,-0.4349416809624771,0.18358240783055924,-0.07307975270005371,structure_mass allocated by watertight mesh volume
【二代】总装 - 【二代】保护笼打印件斜角-4.STL,structure,0.0013754345161937319,watertight_volume,2.9928625427363105e-06,0.0027550860462980296,-0.4348709717596052,-0.18365308600971564,-0.07307975291273003,structure_mass allocated by watertight mesh volume
【二代】总装 - 【二代】保护笼打印件斜角-5.STL,structure,0.001375434683758128,watertight_volume,2.9928629073463293e-06,0.0027550860535427123,0.1836531189555314,-0.43487097170211964,0.07034311724547607,structure_mass allocated by watertight mesh volume
【二代】总装 - 【二代】保护笼打印件斜角-6.STL,structure,0.0013754345865161122,watertight_volume,2.992862695753569e-06,0.0027550860495691052,0.1836531184755857,-0.43487097171344485,-0.0730797513638096,structure_mass allocated by watertight mesh volume
【二代】总装 - 【二代】保护笼打印件斜角-7.STL,structure,0.0013754343694075185,watertight_volume,2.9928622233383643e-06,0.0027550860408349226,-0.1837238265353546,-0.4349416498873124,0.07034311887880314,structure_mass allocated by watertight mesh volume
【二代】总装 - 【二代】保护笼打印件斜角-8.STL,structure,0.0013754344545308722,watertight_volume,2.9928624085616474e-06,0.002755086044279641,-0.1835824082579568,-0.43494164980147654,-0.07307975245340947,structure_mass allocated by watertight mesh volume
【二代】总装 - 【二代】保护笼打印件斜角-9.STL,structure,0.001375434630437587,watertight_volume,2.992862791324048e-06,0.0027550860509450445,0.1835823773087779,0.434941649561054,0.07034311876578843,structure_mass allocated by watertight mesh volume
【二代】总装 - 【二代】保护笼长横-1.STL,structure,0.004550531769403546,watertight_volume,9.901682647799125e-06,0.012395572175332959,-0.4349416812233038,-2.9089927282978083e-05,0.07963168339904333,structure_mass allocated by watertight mesh volume
【二代】总装 - 【二代】保护笼长横-2.STL,structure,0.004550531769403546,watertight_volume,9.901682647799125e-06,0.012395572175332959,-0.4349416812233038,-2.9089927282978083e-05,-0.08236831660095652,structure_mass allocated by watertight mesh volume
【二代】总装 - 【二代】保护笼长横-3.STL,structure,0.004550531018971165,watertight_volume,9.90168101490353e-06,0.012395570562770023,-2.9086270792945273e-05,0.43494164986248224,0.07963168329991654,structure_mass allocated by watertight mesh volume
【二代】总装 - 【二代】保护笼长横-4.STL,structure,0.004550530982778692,watertight_volume,9.90168093615089e-06,0.01239557039078623,-4.172159640861615e-05,0.43487097139430125,-0.08236831669954894,structure_mass allocated by watertight mesh volume
【二代】总装 - 【二代】保护笼长横-5.STL,structure,0.004550530602393913,watertight_volume,9.901680108456556e-06,0.01239556933393986,0.43487094121555864,4.164321047736851e-05,-0.08236831670008309,structure_mass allocated by watertight mesh volume
【二代】总装 - 【二代】保护笼长横-6.STL,structure,0.004550531738256035,watertight_volume,9.901682580024021e-06,0.012395571508530137,4.163784781750417e-05,-0.4348709719409136,0.0796316832999055,structure_mass allocated by watertight mesh volume
【二代】总装 - 【二代】保护笼长横-7.STL,structure,0.004550531738256035,watertight_volume,9.901682580024021e-06,0.012395571508530137,4.163784781750417e-05,-0.4348709719409136,-0.08236831670009465,structure_mass allocated by watertight mesh volume
【二代】总装 - 【二代】保护笼长横-8.STL,structure,0.004550530602393913,watertight_volume,9.901680108456556e-06,0.01239556933393986,0.43487094121555864,4.164321047736851e-05,0.07963168329991649,structure_mass allocated by watertight mesh volume
【二代】总装 - 【二代】机臂-1.STL,structure,0.035518159064878874,watertight_volume,7.728537171394752e-05,0.031087550743091292,0.13538860526614754,0.13538861643419775,-0.00241830439671131,structure_mass allocated by watertight mesh volume
【二代】总装 - 【二代】机臂-2.STL,structure,0.035518165800809895,watertight_volume,7.728538637092712e-05,0.031087554042990018,0.13538861313492404,-0.13538861966218982,-0.002418304413168261,structure_mass allocated by watertight mesh volume
【二代】总装 - 【二代】机臂-3.STL,structure,0.03551816824476395,watertight_volume,7.728539168882371e-05,0.03108755676897854,-0.13538860726310428,0.13538860919557247,-0.0024183043946419134,structure_mass allocated by watertight mesh volume
【二代】总装 - 【二代】机臂-4.STL,structure,0.03551817511359273,watertight_volume,7.728540663498082e-05,0.031087559941743337,-0.13538860835737562,-0.13538860585192908,-0.002418304422209889,structure_mass allocated by watertight mesh volume
【二代】总装 - 【二代】脚架连接件-2.STL,structure,0.01359268405181103,watertight_volume,2.9576860602925626e-05,0.015854539584751616,4.943379623733766e-07,-0.1241001848581787,-0.02405165801164689,structure_mass allocated by watertight mesh volume
【二代】总装 - 【二代】脚架连接件-4.STL,structure,0.013592653570537615,watertight_volume,2.957679427751327e-05,0.015854533652023883,-5.063833650543113e-07,0.12410018957855228,-0.02405163282931008,structure_mass allocated by watertight mesh volume
【二代】总装 - 飞控-1.STL,flight_controller,0.0593,watertight_volume,7.64999725341797e-05,0.012849996032714842,-1.5257148449200875e-08,0.0,0.012581695556640623,assigned component mass
