time_s,x_m,y_m,z_m,vx_m_s,vy_m_s,vz_m_s,roll_rad,pitch_rad,yaw_rad,wx_rad_s,wy_rad_s,wz_rad_s
0.0,0.0,0.0,1.0,0.0,0.0,0.0,0.0,0.0,0.0,0.0,0.0,0.0
0.10000000000000007,-3.3581070709029594e-18,4.79670739903013e-19,1.0,-5.3503079529171636e-17,1.0636023116329028e-18,2.9910140449163294e-17,4.91632055631249e-17,7.969626315555035e-17,2.0963993194395446e-18,6.471906709752711e-16,1.979781720586822e-15,5.2459703248308886e-17
0.20000000000000015,-3.522305278368266e-18,-2.0617526452522345e-18,1.0,9.125559042110551e-17,-6.638553777664447e-17,5.263992757064344e-17,1.4675536857932734e-16,3.5370780690588073e-16,1.0014131330896229e-17,1.2918102006775374e-15,3.4851090617457663e-15,1.0484797475302068e-16
0.3000000000000002,2.6156643116226067e-17,-1.7279909426572738e-17,1.0,5.71950068603011e-16,-2.6052943277812654e-16,8.05149243276966e-17,3.0895311597168687e-16,8.0436302894641e-16,2.317472249527132e-17,1.9383406602289615e-15,5.3304154784576755e-15,1.5729067358926285e-16
0.4000000000000003,1.3108146039025347e-16,-6.139200294291662e-17,1.0,1.6021424468425684e-15,-6.568332250657358e-16,9.333087151377476e-17,5.26738178809233e-16,1.3829582309065422e-15,4.115675000914884e-17,2.2145970739442863e-15,6.178710020584127e-15,1.9232444373228916e-16
0.5000000000000003,3.686667194714613e-16,-1.562382835860683e-16,1.0,3.2256705384620164e-15,-1.2714449803198826e-15,1.141823825615014e-16,7.792906398923066e-16,2.0672840259501912e-15,6.297775701895833e-17,2.758992540847863e-15,7.559392543680514e-15,2.3998518602373207e-16
0.6000000000000004,8.058552232531586e-16,-3.2601564639642034e-16,1.0,5.598817915360433e-15,-2.156715019832411e-15,1.2767349806202462e-16,1.087881068661262e-15,2.8657021202397794e-15,8.964298151036128e-17,3.400326805810274e-15,8.45425865443382e-15,2.9228263327293524e-16
0.7000000000000005,1.5204508383914658e-15,-6.013976395962263e-16,1.0,8.799415847359724e-15,-3.3874373714589246e-15,1.4950623774074252e-16,1.441584807257453e-15,3.8067278853216255e-15,1.2063265830975831e-16,3.580226290041331e-15,9.897818867894218e-15,3.226956443347957e-16
0.8000000000000006,2.6042867912199574e-15,-1.0174312945246729e-15,1.0,1.2977440610152105e-14,-4.9596663267709646e-15,1.768241178832994e-16,1.8240287770724843e-15,4.896720068024055e-15,1.551716493140895e-16,4.182252419496895e-15,1.170607497875932e-14,3.7303715610277367e-16
0.9000000000000007,4.163509839324937e-15,-1.6103421114953437e-15,1.0,1.8303757241711674e-14,-6.948094788464391e-15,2.0558578523667217e-16,2.291072015377503e-15,6.160379575833003e-15,1.9589953861096578e-16,4.7958723739687426e-15,1.3609791316333832e-14,4.239169716968211e-16
1.0000000000000007,6.321820696371503e-15,-2.4268719039238643e-15,1.0,2.497161377274775e-14,-9.413797722254661e-15,2.304913383655414e-16,2.7973809550478163e-15,7.612748485424745e-15,2.406704051059448e-16,5.374968349042457e-15,1.52585302445813e-14,4.731907339204956e-16
1.1000000000000008,9.22294255646479e-15,-3.5161233398126982e-15,1.0,3.31474870210686e-14,-1.2404521703211814e-14,2.494106626546795e-16,3.3676894178054065e-15,9.203221817976433e-15,2.906595399100956e-16,6.018265428946738e-15,1.6512074828417656e-14,5.255430847659838e-16
1.2000000000000008,1.3022937919283997e-14,-4.935042891651166e-15,1.0,4.2940859222426944e-14,-1.5995850251933948e-14,2.729111445062953e-16,3.967147770135162e-15,1.0935329349268234e-14,3.442181418092997e-16,6.077208352060096e-15,1.8065181448640758e-14,5.502231235726304e-16
1.300000000000001,1.7891335269319706e-14,-6.742169369356932e-15,1.0,5.450598195263222e-14,-2.0167844203671435e-14,2.9710929532499964e-16,4.607785878394536e-15,1.2825803333052449e-14,4.0191346747042154e-16,6.72241221687253e-15,1.9667533798414912e-14,6.026287718197145e-16
1.400000000000001,2.4014225964441258e-14,-9.000358111901166e-15,1.0,6.801154441474447e-14,-2.500520847989716e-14,3.1345039671518947e-16,5.283926652579012e-15,1.4847100787288036e-14,4.634798973955267e-16,6.911446560068958e-15,2.0748284024312084e-14,6.335122490743335e-16
1.500000000000001,3.1589833559500385e-14,-1.1775899908986206e-14,1.0,8.354334479599113e-14,-3.051514959252684e-14,3.3775059906603854e-16,5.998981790814479e-15,1.7005343567649165e-14,5.290781612900984e-16,7.302303072416494e-15,2.2356013932473062e-14,6.738864054721756e-16
1.6000000000000012,4.082864790789146e-14,-1.513918408329228e-14,1.0,1.0126164506858135e-13,-3.6745462306859904e-14,3.6860320686074e-16,6.739071554237605e-15,1.934611376190226e-14,5.980469099815012e-16,7.529762811035395e-15,2.4395815666304647e-14,7.064860029616183e-16
1.7000000000000013,5.1961008020202206e-14,-1.9162826060129843e-14,1.0,1.213852625285724e-13,-4.3714710462123486e-14,3.8738714364008987e-16,7.505665062387242e-15,2.1841665447091766e-14,6.704585693890524e-16,7.752924979296419e-15,2.5638159025678705e-14,7.389666729073628e-16
1.8000000000000014,6.523187024794663e-14,-2.3922342354733976e-14,1.0,1.4400932235095007e-13,-5.1440492600391666e-14,4.1279962159316587e-16,8.283641623071218e-15,2.448795998500684e-14,7.455983405318959e-16,8.011630214663869e-15,2.731867288571012e-14,7.730822226923788e-16
1.9000000000000015,8.090105383751068e-14,-2.949317538891506e-14,1.0,1.693196618044453e-13,-5.994826767505948e-14,4.3143062156825664e-16,9.114459088497716e-15,2.727721173121128e-14,8.254280511590816e-16,8.422629652874993e-15,2.855191938809781e-14,8.144487743146224e-16
2.0000000000000013,9.924216490536206e-14,-3.59571622451748e-14,1.0,1.9741375118553716e-13,-6.928167907260157e-14,4.568270348821423e-16,9.977311787215032e-15,3.021015827536295e-14,9.089634910026423e-16,8.935580646333221e-15,3.0232736713070116e-14,8.605904094981337e-16
2.0999999999999903,1.2054230861630534e-13,-4.3398824046578665e-14,1.0,2.2848033267893683e-13,-7.94872409788315e-14,4.771286974938165e-16,1.0878469701161168e-14,3.331000431513808e-14,9.96498782921821e-16,9.280817819627592e-15,3.157601890513015e-14,8.988346909586808e-16
2.1999999999999793,1.4510582314086567e-13,-5.1906655343609546e-14,1.0,2.6263965645657607e-13,-9.060903260201106e-14,5.051829648306837e-16,1.1822750807556491e-14,3.6563936595794736e-14,1.088263178137561e-15,9.396648659741718e-15,3.3430321501933206e-14,9.261737343234651e-16
2.2999999999999683,1.7325216051051928e-13,-6.157411142430019e-14,1.0,3.0009187812321585e-13,-1.0265181932614709e-13,5.227911726493335e-16,1.2774067215076527e-14,3.996424331159086e-14,1.1825504935107024e-15,9.69667036463011e-15,3.459539140307617e-14,9.62298122698095e-16
2.3999999999999573,2.05314365154765e-13,-7.249442132999768e-14,1.0,3.409221646731944e-13,-1.1564165357680328e-13,5.535491619883485e-16,1.3733155765550727e-14,4.3532443010156774e-14,1.2793933063490877e-15,9.747109153730616e-15,3.6627990891924345e-14,9.8652518700315e-16
2.4999999999999463,2.416426031903891e-13,-8.476113996516892e-14,1.0,3.853534598757887e-13,-1.2958225267515022e-13,5.75749788232547e-16,1.472948027232699e-14,4.725795199437972e-14,1.3801864085034734e-15,1.0026725066932999e-14,3.809639447857544e-14,1.021652272277196e-15
2.5999999999999353,2.826025353908968e-13,-9.847127849168715e-14,1.0,4.3351780702589915e-13,-1.4451103882488636e-13,5.974269700236439e-16,1.5791530993631542e-14,5.114232308367903e-14,1.4862772577846002e-15,1.0781541694384122e-14,3.9532762708234055e-14,1.0792602878254985e-15
2.6999999999999242,3.2857531024841303e-13,-1.1372930899512325e-13,1.0,4.855507691811572e-13,-1.6051720625821386e-13,6.234496317873774e-16,1.6899396918521915e-14,5.517639616221605e-14,1.596725009344415e-15,1.1184079033043975e-14,4.125436652663753e-14,1.1201749155729453e-15
2.7999999999999132,3.799565280608225e-13,-1.3064397549091696e-13,1.0,5.416292428954303e-13,-1.7762092818815614e-13,6.458119025013404e-16,1.804840985011034e-14,5.936728297750198e-14,1.711308099830838e-15,1.1806465469342165e-14,4.2735290926519177e-14,1.1715141173871338e-15
2.899999999999902,4.371574385978274e-13,-1.4932782023196895e-13,1.0,6.018980680433431e-13,-1.958851217112359e-13,6.668708802106924e-16,1.9247866166334193e-14,6.37168983648391e-14,1.830466056093952e-15,1.221833249193035e-14,4.412897028592828e-14,1.2129047366977633e-15
2.999999999999891,5.006046144995063e-13,-1.6989855980826105e-13,1.0,6.664943506696963e-13,-2.1533870626049645e-13,6.92472609922282e-16,2.0498259684369408e-14,6.822255476967907e-14,1.9542225205361004e-15,1.294134753528864e-14,4.582448159662845e-14,1.2689810893603874e-15
3.09999999999988,5.70739972711238e-13,-1.9247826552017373e-13,1.0,7.355925310489224e-13,-2.3606067699475316e-13,7.1602867186012185e-16,2.1827694344013016e-14,7.28846504365621e-14,2.0839067997879887e-15,1.3564133782846546e-14,4.73842876868867e-14,1.3203308588658093e-15
3.199999999999869,6.480215821857241e-13,-2.1719808394821242e-13,1.0,8.09340859515122e-13,-2.581154771402874e-13,7.35379656696891e-16,2.3202011012320886e-14,7.767890260972698e-14,2.2179056960255402e-15,1.4008531560554184e-14,4.8665286362590126e-14,1.3632721393881086e-15
3.299999999999858,7.329192154085372e-13,-2.441931516847632e-13,1.0,8.87854463226224e-13,-2.815461364643283e-13,7.601648255315335e-16,2.4611369157952592e-14,8.263353619065744e-14,2.355750755234396e-15,1.4211669050520482e-14,5.0304052564903844e-14,1.3947636866752498e-15
3.399999999999847,8.259188363223572e-13,-2.7360163593138157e-13,1.0,9.713101245985354e-13,-3.063544848138206e-13,7.826455477868782e-16,2.6059257110400692e-14,8.774748173147782e-14,2.497607092544166e-15,1.4977836098226718e-14,5.1793575524002856e-14,1.4529029676582921e-15
3.499999999999836,9.275223335169489e-13,-3.0556449254940054e-13,1.0,1.0598540566712002e-12,-3.3261987292850925e-13,8.048366052854909e-16,2.75846633689262e-14,9.300897941263239e-14,2.64532015283738e-15,1.568864797011201e-14,5.32636617580553e-14,1.5084259409535864e-15
3.599999999999825,1.0382460000606635e-12,-3.402316294150206e-13,1.0,1.1536281574955144e-12,-3.6042318763580905e-13,8.265798908971252e-16,2.917300013197516e-14,9.841102313719967e-14,2.7982006573626765e-15,1.615603558225443e-14,5.4702854706584e-14,1.5524379338884918e-15
3.699999999999814,1.1586196364286708e-12,-3.777592956169629e-13,1.0,1.252766100074009e-12,-3.8981995926065695e-13,8.501617007198442e-16,3.081374096337985e-14,1.0395814120050507e-13,2.9557502145645617e-15,1.6391890574407305e-14,5.626228482084075e-14,1.58548544865869e-15
3.799999999999803,1.2891871101885276e-12,-4.183093381363909e-13,1.0,1.3574163272643231e-12,-4.2083398796506424e-13,8.757017009971592e-16,3.2469628968140025e-14,1.0966252750149752e-13,3.116205240523075e-15,1.6650566701614826e-14,5.79512245396216e-14,1.6195987303349255e-15
3.899999999999792,1.4305079683854906e-12,-4.620433509655808e-13,1.0,1.467747041102153e-12,-4.534749433869057e-13,8.990095335847724e-16,3.4177838894382875e-14,1.1552901866923168e-13,3.2813236320838727e-15,1.742810884514264e-14,5.949545973549377e-14,1.6782702791875162e-15
3.999999999999781,1.5831576354648812e-12,-5.091285988394286e-13,1.0,1.5839054505480183e-12,-4.878336407247177e-13,9.244883692363689e-16,3.594776210712642e-14,1.21560395291094e-13,3.4515493175191003e-15,1.791898068247358e-14,6.118160456861818e-14,1.7233669813033244e-15
4.0999999999997705,1.747727701703566e-12,-5.59739301609781e-13,1.0,1.706064202712808e-12,-5.23953644786065e-13,9.488886689916468e-16,3.7755372956482755e-14,1.2775931108078987e-13,3.625745575186971e-15,1.8221406167302106e-14,6.279547364795912e-14,1.7595575987592316e-15
4.1999999999997595,1.924826606527952e-12,-6.140521467637798e-13,1.0,1.8343796707276375e-12,-5.618529056815207e-13,9.725296954048587e-16,3.9624781633122897e-14,1.3411108706938478e-13,3.805054397597212e-15,1.90875036415309e-14,6.436219998136564e-14,1.8224155378189453e-15
4.2999999999997485,2.1150773637346345e-12,-6.722503377691187e-13,1.0,1.9690067302376435e-12,-6.016312677630332e-13,9.948390952438337e-16,4.156215409106358e-14,1.4062240754625855e-13,3.9897667344421814e-15,1.9665661488671356e-14,6.583939350378129e-14,1.8716630710110783e-15
4.3999999999997375,2.319118682715711e-12,-7.345243184827561e-13,1.0,2.1100876403637455e-12,-6.43338653264009e-13,1.0206114939808554e-15,4.355461853962158e-14,1.4729298306464592e-13,4.179273765798361e-15,2.0200827729014428e-14,6.754517326292905e-14,1.9188528725428875e-15
4.499999999999726,2.537604745608824e-12,-8.010694573000735e-13,1.0,2.257802285239074e-12,-6.870224059742558e-13,1.0435642835732241e-15,4.5603950365697524e-14,1.5413205914291629e-13,4.373658491553019e-15,2.08566339310519e-14,6.906529550920871e-14,1.971768721591314e-15
4.599999999999715,2.7712070883327053e-12,-8.720867760456228e-13,1.0,2.4122947424122104e-12,-7.327579621386268e-13,1.0662932223681234e-15,4.771485403535333e-14,1.6111399432232416e-13,4.5731461506430854e-15,2.124698646469576e-14,7.056920175018692e-14,2.0121300213369092e-15
4.699999999999704,3.0206104224507415e-12,-9.477840033133365e-13,1.0,2.5737119316357796e-12,-7.805827779245643e-13,1.08943875339964e-15,4.9861308802370274e-14,1.6825172382979063e-13,4.776504563525823e-15,2.1626472981924403e-14,7.210057591467436e-14,2.051974440512357e-15
4.799999999999693,3.2865149901275525e-12,-1.028371742186188e-12,1.0,2.74219828157432e-12,-8.305283189879542e-13,1.1146679414804024e-15,5.204206837248611e-14,1.755433534912814e-13,4.983674979405088e-15,2.2006679304875344e-14,7.37696312144639e-14,2.0918383438767354e-15
4.899999999999682,3.5696358073464694e-12,-1.114063420556529e-12,1.0,2.9179178674297647e-12,-8.826293698429511e-13,1.1382870286461862e-15,5.427463066823287e-14,1.829955291134585e-13,5.19548436722013e-15,2.2596334978363906e-14,7.533342382209746e-14,2.141620577349265e-15
4.999999999999671,3.870704263861583e-12,-1.2050784745307546e-12,1.0,3.1010316452575178e-12,-9.369506467661488e-13,1.1584322533466333e-15,5.6540098153423676e-14,1.9059737480318927e-13,5.411040002136549e-15,2.2842023633659043e-14,7.666583497483583e-14,2.175157249033299e-15
